y_true,y_pred,residual,absolute_error
245.5180273,245.59589370539015,-0.07786640539015366,0.07786640539015366
210.2300459,210.09585416789324,0.13419173210675694,0.13419173210675694
33.45988582,35.513976426896534,-2.054090606896537,2.054090606896537
259.900723,263.4381518044136,-3.5374288044135938,3.5374288044135938
357.1245732,356.14217016445343,0.9824030355465538,0.9824030355465538
256.1411528,256.31685484905586,-0.1757020490558716,0.1757020490558716
322.4697556,320.4182316934774,2.0515239065225614,2.0515239065225614
219.7053032,213.56484105232914,6.14046214767086,6.14046214767086
55.40369343,56.83068484173546,-1.4269914117354645,1.4269914117354645
236.7567928,235.01134246126998,1.7454503387300235,1.7454503387300235
318.0452073,316.811471503746,1.2337357962539954,1.2337357962539954
44.47479316,46.19338402469543,-1.718590864695436,1.718590864695436
198.5276446,195.70352424735302,2.824120352646986,2.824120352646986
213.232032,213.65895412275623,-0.4269221227562241,0.4269221227562241
267.2726389,270.6359330904503,-3.36329419045029,3.36329419045029
138.7518293,138.7219396282995,0.029889671700487952,0.029889671700487952
224.1978986,224.21566871213037,-0.01777011213036417,0.01777011213036417
60.2661565,63.958379363551444,-3.692222863551443,3.692222863551443
58.20951843,56.89687511093254,1.3126433190674618,1.3126433190674618
292.2098585,291.99552057640284,0.21433792359715653,0.21433792359715653
115.552505,113.82527461075651,1.7272303892434877,1.7272303892434877
342.7787915,338.2433349014657,4.535456598534324,4.535456598534324
236.0814972,234.98775296334736,1.0937442366526398,1.0937442366526398
134.5819911,138.82961881893104,-4.247627718931028,4.247627718931028
353.46916,352.53070038235774,0.9384596176422519,0.9384596176422519
273.7988825,274.07268807548155,-0.2738055754815605,0.2738055754815605
189.9818855,185.16772731940821,4.8141581805917895,4.8141581805917895
51.93438844,56.876600868275546,-4.942212428275546,4.942212428275546
350.2593982,348.9522922865253,1.307105913474743,1.307105913474743
118.692777,120.96714306806693,-2.274366068066925,2.274366068066925
132.8280043,131.6030372614001,1.2249670385999138,1.2249670385999138
335.3367393,338.19977595488535,-2.863036654885377,2.863036654885377
130.2686322,131.64609271029138,-1.377460510291371,1.377460510291371
109.9416385,113.82461808089644,-3.8829795808964462,3.8829795808964462
35.63796975,39.016508490827334,-3.378538740827331,3.378538740827331
324.3931698,320.4253579650093,3.967811834990698,3.967811834990698
297.1210103,302.5649120738673,-5.443901773867253,5.443901773867253
242.8010569,242.03308973465465,0.7679671653453397,0.7679671653453397
133.5416504,135.2023907942749,-1.6607403942748817,1.6607403942748817
307.7189371,306.24968573930397,1.4692513606960347,1.4692513606960347
104.9549191,106.68579216997082,-1.7308730699708264,1.7308730699708264
72.11552438,74.7366613632601,-2.621136983260101,2.621136983260101
318.5450016,320.4919133437857,-1.9469117437857335,1.9469117437857335
328.8426678,327.57717231254287,1.2654954874571445,1.2654954874571445
208.1119326,210.01818211214345,-1.9062495121434608,1.9062495121434608
125.4867164,128.0151331325022,-2.528416732502194,2.528416732502194
256.3737002,256.23419535169535,0.13950484830462528,0.13950484830462528
76.5992176,74.60271893828738,1.9964986617126215,1.9964986617126215
166.9833119,163.64516219174263,3.3381497082573617,3.3381497082573617
249.577754,252.88576553639612,-3.3080115363961227,3.3080115363961227
119.0000482,120.95967975087417,-1.9596315508741782,1.9596315508741782
275.8154126,277.6542633984144,-1.8388507984143985,1.8388507984143985
292.313545,295.48010227994223,-3.1665572799422534,3.1665572799422534
139.5806481,142.3480031844098,-2.7673550844098145,2.7673550844098145
251.2414921,249.09810515009104,2.143386949908944,2.143386949908944
93.18048032,92.50352430081568,0.6769560191843169,0.6769560191843169
188.9634803,185.16057526178562,3.8029050382143623,3.8029050382143623
90.43207739,96.02988071184187,-5.597803321841866,5.597803321841866
74.53185747,71.01019363920516,3.52166383079485,3.52166383079485
196.4487991,195.79112010412695,0.6576789958730558,0.6576789958730558
312.2713228,313.31771807467743,-1.0463952746774225,1.0463952746774225
143.1728885,142.33623508610796,0.8366534138920372,0.8366534138920372
283.2511074,274.13469245426955,9.116414945730469,9.116414945730469
118.2933637,120.96464089869416,-2.671277198694156,2.671277198694156
51.32043539,53.265147371162584,-1.944711981162584,1.944711981162584
225.8221508,217.1178727167807,8.704278083219293,8.704278083219293
162.3039063,160.07786488198812,2.2260414180118744,2.2260414180118744
337.7959528,338.16555698578196,-0.3696041857819523,0.3696041857819523
276.2603779,277.7182634085473,-1.4578855085472924,1.4578855085472924
347.1547599,345.297836076671,1.856923823328998,1.856923823328998
54.63471073,53.26751211368568,1.3671986163143188,1.3671986163143188
357.1050913,352.499395533746,4.60569576625403,4.60569576625403
197.0111372,195.81780159667986,1.1933356033201505,1.1933356033201505
269.9524569,270.63502393562635,-0.6825670356263345,0.6825670356263345
251.6252646,256.290958817973,-4.66569421797297,4.66569421797297
206.2240263,210.0027518707923,-3.778725570792318,3.778725570792318
321.1344333,320.3886980725018,0.7457352274981872,0.7457352274981872
348.2155671,345.2308019453473,2.9847651546526777,2.9847651546526777
355.9261224,352.47823459728875,3.44788780271125,3.44788780271125
51.48248853,56.88053185435177,-5.398043324351775,5.398043324351775
45.77378949,49.671280961749204,-3.8974914717492055,3.8974914717492055
125.0580855,124.55594573323795,0.5021397667620562,0.5021397667620562
339.2135318,341.8505972914484,-2.637065491448425,2.637065491448425
307.9358339,309.79462823503707,-1.8587943350370892,1.8587943350370892
274.9067731,274.10053220498924,0.8062408950107738,0.8062408950107738
269.4416982,270.4906801414383,-1.048981941438285,1.048981941438285
218.3675799,217.09957216887793,1.2680077311220828,1.2680077311220828
34.77154801,35.53567010522286,-0.7641220952228664,0.7641220952228664
261.8497595,263.3898266108907,-1.540067110890675,1.540067110890675
354.4495579,356.1133751257885,-1.6638172257884776,1.6638172257884776
140.2820132,138.65065724699926,1.6313559530007353,1.6313559530007353
329.3505396,327.4478918540836,1.902647745916397,1.902647745916397
349.6410831,348.978800746888,0.6622823531120048,0.6622823531120048
44.17945113,46.11749657301149,-1.9380454430114966,1.9380454430114966
129.8559572,128.1720368521049,1.6839203478951106,1.6839203478951106
80.50988544,78.18539155928408,2.32449388071592,2.32449388071592
140.4152859,138.7992839774806,1.6160019225193878,1.6160019225193878
189.9324946,188.61895949823926,1.313535101760749,1.313535101760749
170.4688777,167.21155551831853,3.2573221816814737,3.2573221816814737
78.51737028,78.19883066836728,0.3185396116327155,0.3185396116327155
54.65466518,56.90368467388549,-2.2490194938854913,2.2490194938854913
233.5076225,238.4711806908087,-4.963558190808698,4.963558190808698
153.5787045,160.2493158218175,-6.670611321817518,6.670611321817518
249.273605,249.18374396099358,0.08986103900642206,0.08986103900642206
309.6042336,309.7247221589081,-0.12048855890810728,0.12048855890810728
276.0140254,277.67428538344063,-1.6602599834406533,1.6602599834406533
135.5443199,138.6938877737339,-3.1495678737339006,3.1495678737339006
313.1283776,313.2382989081434,-0.10992130814338452,0.10992130814338452
274.9318537,274.0874227156359,0.8444309843640667,0.8444309843640667
316.0589847,316.83684041446526,-0.7778557144652609,0.7778557144652609
225.8049954,227.73990170016452,-1.9349063001645277,1.9349063001645277
240.4988996,235.05436822126308,5.444531378736912,5.444531378736912
85.0929438,81.8149729531623,3.277970846837704,3.277970846837704
140.9935076,142.298029837373,-1.3045222373730212,1.3045222373730212
296.7051267,295.42577575527963,1.2793509447203633,1.2793509447203633
283.78129,284.73530457596013,-0.954014575960116,0.954014575960116
54.57855736,56.89201770589199,-2.31346034589199,2.31346034589199
336.6571388,338.14272186553956,-1.485583065539572,1.485583065539572
170.110494,170.78490443903237,-0.6744104390323855,0.6744104390323855
118.717563,120.97013825496883,-2.252575254968832,2.252575254968832
53.54400783,53.37221725900085,0.17179057099914985,0.17179057099914985
84.37002181,81.7779576121636,2.592064197836393,2.592064197836393
174.200192,174.37839506848925,-0.17820306848926748,0.17820306848926748
347.1633989,348.8984462149891,-1.7350473149891172,1.7350473149891172
71.99035308,78.14759442018872,-6.157241340188719,6.157241340188719
141.6144208,142.32245038489364,-0.7080295848936373,0.7080295848936373
251.403637,249.1434412833078,2.260195716692209,2.260195716692209
300.7539331,298.98499740101886,1.7689356989811245,1.7689356989811245
52.00797219,53.43572127535532,-1.4277490853553232,1.4277490853553232
175.9337802,178.04682956054046,-2.113049360540458,2.113049360540458
213.7171527,213.6774520189607,0.03970068103930657,0.03970068103930657
235.1678552,234.84370876275057,0.32414643724942493,0.32414643724942493
64.19337778,64.02175281301564,0.1716249669843677,0.1716249669843677
253.4613277,252.79478437958971,0.666543320410284,0.666543320410284
303.7166426,306.2019499120821,-2.4853073120821136,2.4853073120821136
183.0164095,184.96569667223702,-1.9492871722370069,1.9492871722370069
44.05096813,46.227058333385116,-2.1760902033851153,2.1760902033851153
40.15359647,42.534312336732484,-2.380715866732487,2.380715866732487
294.1029625,291.8472354329396,2.255727067060377,2.255727067060377
85.89262454,81.82392841310588,4.068696126894125,4.068696126894125
291.5314175,291.95769590836244,-0.4262784083624638,0.4262784083624638
163.6314574,156.5761598872358,7.055297512764184,7.055297512764184
310.9883193,309.631410781785,1.3569085182149934,1.3569085182149934
167.7246684,167.26373040269164,0.4609379973083776,0.4609379973083776
73.67573204,74.6409112108727,-0.9651791708727018,0.9651791708727018
87.33887423,88.90603360000986,-1.5671593700098612,1.5671593700098612
145.5439916,149.4888739442378,-3.9448823442378114,3.9448823442378114
43.69948833,42.68053519354544,1.018953136454563,1.018953136454563
305.7135791,309.6856180626394,-3.972038962639374,3.972038962639374
98.52768262,99.53579339111226,-1.0081107711122712,1.0081107711122712
130.9893463,128.09369906632793,2.895647233672065,2.895647233672065
159.5095337,160.08778985180095,-0.5782561518009572,0.5782561518009572
208.827418,213.7168426329296,-4.889424632929604,4.889424632929604
315.2058902,316.85259844874076,-1.6467082487407652,1.6467082487407652
93.293216,88.98366017265504,4.3095558273449655,4.3095558273449655
201.9085053,206.5108330300325,-4.602327730032499,4.602327730032499
202.3870613,202.7999783288752,-0.4129170288751993,0.4129170288751993
46.67789698,46.197935052957945,0.479961927042055,0.479961927042055
61.44385143,53.35617201305911,8.087679416940894,8.087679416940894
96.69435801,103.10997719103713,-6.41561918103713,6.41561918103713
288.7463385,291.9133149237176,-3.1669764237176423,3.1669764237176423
89.8199226,88.85114903092179,0.9687735690782091,0.9687735690782091
120.252124,117.45422309819925,2.7979009018007446,2.7979009018007446
268.892292,270.49848777036175,-1.6061957703617509,1.6061957703617509
229.2947351,235.00074791783626,-5.7060128178362675,5.7060128178362675
260.9790138,263.4754599421567,-2.4964461421566853,2.4964461421566853
104.9023676,103.13942685847012,1.7629407415298886,1.7629407415298886
44.49793566,46.105083453555096,-1.607147793555093,1.607147793555093
155.787445,156.65306798392393,-0.8656229839239415,0.8656229839239415
234.8878482,231.35769061148432,3.530157588515692,3.530157588515692
94.71314891,95.96188404539596,-1.248735135395961,1.248735135395961
162.2787476,163.66458254625599,-1.385834946255983,1.385834946255983
72.61550848,71.06186844087509,1.5536400391249146,1.5536400391249146
252.0764263,252.88074484746954,-0.8043185474695349,0.8043185474695349
66.57050729,67.55862505576629,-0.9881177657662903,0.9881177657662903
262.0124404,263.3492698312941,-1.3368294312941202,1.3368294312941202
140.1370074,135.25047725872844,4.88653014127155,4.88653014127155
127.5466597,128.0126478330796,-0.4659881330795912,0.4659881330795912
124.8653926,120.95437340543742,3.9110191945625843,3.9110191945625843
209.3645304,209.99809825113203,-0.6335678511320282,0.6335678511320282
288.6613241,291.8977233472092,-3.2363992472091923,3.2363992472091923
100.2771075,96.05265509216065,4.224452407839351,4.224452407839351
236.7067244,231.29859472154834,5.408129678451672,5.408129678451672
69.7213785,67.52467318966276,2.1967053103372365,2.1967053103372365
235.9204286,238.54916787073748,-2.6287392707374693,2.6287392707374693
228.5424705,227.83099729456873,0.7114732054312753,0.7114732054312753
334.5425852,331.0912255719269,3.451359628073135,3.451359628073135
150.7074655,149.4048479222968,1.3026175777032165,1.3026175777032165
33.98000011,39.05882513410515,-5.07882502410515,5.07882502410515
226.0179062,227.66303972323155,-1.64513352323155,1.64513352323155
264.8282337,267.0856829380139,-2.257449238013919,2.257449238013919
174.1981389,174.33676865999894,-0.1386297599989348,0.1386297599989348
55.26128448,53.27627121082264,1.985013269177358,1.985013269177358
279.7149704,281.12119625736733,-1.4062258573673034,1.4062258573673034
116.1443174,113.79502687213497,2.349290527865037,2.349290527865037
297.8406918,302.7352820800395,-4.894590280039495,4.894590280039495
336.5934202,334.6654359720944,1.9279842279056538,1.9279842279056538
268.8120326,266.9967564393444,1.8152761606556282,1.8152761606556282
76.22402052,78.19776889049479,-1.9737483704947891,1.9737483704947891
134.7842978,135.33457112735556,-0.5502733273555691,0.5502733273555691
237.6357535,235.037518861559,2.5982346384409993,2.5982346384409993
173.8000165,174.2961023047115,-0.4960858047114982,0.4960858047114982
181.2762703,177.9761059534021,3.3001643465978816,3.3001643465978816
226.9989318,231.3455633355134,-4.3466315355133816,4.3466315355133816
91.81486029,92.4066121233884,-0.5917518333884004,0.5917518333884004
273.4946458,274.0740551012574,-0.5794093012573853,0.5794093012573853
113.4593656,113.87598752895995,-0.4166219289599553,0.4166219289599553
152.1679478,156.5641329215672,-4.396185121567186,4.396185121567186
350.1683343,348.89776701354015,1.2705672864598796,1.2705672864598796
109.7745496,110.24594674689507,-0.47139714689507173,0.47139714689507173
156.070975,156.5706066093026,-0.49963160930258255,0.49963160930258255
262.2812906,259.90200086920214,2.3792897307978365,2.3792897307978365
141.6279548,142.26076465368783,-0.6328098536878315,0.6328098536878315
75.36215456,74.67519844189445,0.6869561181055417,0.6869561181055417
311.6614353,313.3507596696855,-1.6893243696854938,1.6893243696854938
218.9998496,220.62298898374286,-1.6231393837428527,1.6231393837428527
168.7684729,170.73182744891756,-1.9633545489175503,1.9633545489175503
61.06091789,56.86993149145886,4.190986398541142,4.190986398541142
209.1489884,206.390530172179,2.758458227820995,2.758458227820995
351.3598902,352.5551611407526,-1.1952709407526072,1.1952709407526072
83.22987557,85.42693324567057,-2.197057675670564,2.197057675670564
43.05887154,42.4968579420939,0.5620135979061018,0.5620135979061018
264.6641446,270.54247106479414,-5.878326464794156,5.878326464794156
233.5250041,231.31777719700014,2.2072269029998495,2.2072269029998495
355.8934821,356.0819142072241,-0.18843210722405956,0.18843210722405956
310.8008998,309.7654857316285,1.0354140683715514,1.0354140683715514
217.0082053,213.55223228591782,3.4559730140821614,3.4559730140821614
216.6811536,217.1954370115928,-0.5142834115927997,0.5142834115927997
49.21733538,46.15407772246621,3.0632576575337893,3.0632576575337893
197.6712502,195.82734346809926,1.843906731900745,1.843906731900745
106.4715349,106.70928681018745,-0.23775191018745545,0.23775191018745545
355.9147304,352.41592815007004,3.498802249929952,3.498802249929952
184.9717778,185.11484372188247,-0.14306592188245304,0.14306592188245304
172.7951702,174.28033775997372,-1.4851675599737177,1.4851675599737177
64.91713396,64.00910119505153,0.908032764948473,0.908032764948473
203.4137119,206.46971452820915,-3.056002628209143,3.056002628209143
337.8234552,338.2925058489034,-0.46905064890336234,0.46905064890336234
326.0231094,324.0059971294369,2.017112270563132,2.017112270563132
303.5941572,309.82111536838653,-6.226958168386545,6.226958168386545
78.81257166,78.2710851400506,0.5414865199494017,0.5414865199494017
303.3009791,299.01162280325275,4.289356296747258,4.289356296747258
210.9051685,213.57087547588594,-2.6657069758859393,2.6657069758859393
291.1947002,291.8933213687809,-0.6986211687809032,0.6986211687809032
322.8478529,320.2941315853019,2.553721314698123,2.553721314698123
49.67373838,53.274409444350965,-3.600671064350962,3.600671064350962
83.55712247,85.38827273070476,-1.83115026070476,1.83115026070476
268.9224504,270.52542783571744,-1.6029774357174347,1.6029774357174347
263.105633,263.2992032915705,-0.1935702915704951,0.1935702915704951
70.50156181,71.05691993449373,-0.5553581244937362,0.5553581244937362
96.82128425,96.10167977400577,0.719604475994231,0.719604475994231
297.4868165,299.137068277644,-1.65025177764403,1.65025177764403
156.9208771,153.022282088063,3.8985950119370045,3.8985950119370045
124.1332061,128.03888861917073,-3.905682519170739,3.905682519170739
218.13099,217.2239314620381,0.9070585379618876,0.9070585379618876
101.7461246,103.22899100959313,-1.4828664095931288,1.4828664095931288
171.0015671,170.81049641728623,0.19107068271375738,0.19107068271375738
229.952856,227.8621273166032,2.0907286833968044,2.0907286833968044
69.14162383,67.57118982405986,1.5704340059401432,1.5704340059401432
210.2429543,213.52626046592263,-3.2833061659226246,3.2833061659226246
279.9347651,281.24649780706096,-1.311732707060969,1.311732707060969
156.3562456,156.60688437313436,-0.25063877313436933,0.25063877313436933
296.1422357,298.93453342599435,-2.792297725994331,2.792297725994331
207.5720601,206.53147772460477,1.0405823753952177,1.0405823753952177
300.4119733,299.1489238116403,1.263049488359684,1.263049488359684
140.5407032,138.8040865847585,1.736616615241502,1.736616615241502
142.8491442,142.47251988512016,0.37662431487984804,0.37662431487984804
122.2048994,117.33022550740911,4.8746738925908915,4.8746738925908915
310.0488048,309.7513958677692,0.2974089322308373,0.2974089322308373
215.3913543,217.12667082729607,-1.735316527296078,1.735316527296078
149.1630186,153.01529384409872,-3.8522752440987347,3.8522752440987347
312.5595409,313.3378426569328,-0.7783017569328194,0.7783017569328194
244.9267479,242.14183351708454,2.784914382915474,2.784914382915474
315.1792046,320.48842339008775,-5.309218790087755,5.309218790087755
330.0147603,327.3984114323962,2.61634886760379,2.61634886760379
193.6095728,195.71524301008273,-2.105670210082735,2.105670210082735
80.78641866,81.69664878489382,-0.9102301248938289,0.9102301248938289
193.8410802,195.80863492016653,-1.9675547201665324,1.9675547201665324
75.1029808,74.67852124317483,0.42445955682516967,0.42445955682516967
158.8948494,160.1117113979954,-1.2168619979954087,1.2168619979954087
215.5833592,213.60889569859032,1.974463501409673,1.974463501409673
164.791014,163.56411016289522,1.2269038371047714,1.2269038371047714
124.1659072,128.26417418543798,-4.098266985437974,4.098266985437974
219.2762729,217.1219419372237,2.1543309627762994,2.1543309627762994
67.57490362,71.14549563447741,-3.5705920144774126,3.5705920144774126
304.9042152,302.65913442270704,2.2450807772929693,2.2450807772929693
83.77156783,85.3410219642471,-1.5694541342471098,1.5694541342471098
251.1300326,249.265320683767,1.8647119162330057,1.8647119162330057
315.3768673,313.3279290438569,2.048938256143117,2.048938256143117
58.59009126,60.40806779044405,-1.8179765304440494,1.8179765304440494
37.069275,35.48749930298669,1.5817756970133061,1.5817756970133061
120.6389931,124.55496750697509,-3.9159744069750957,3.9159744069750957
44.99813919,42.53365043313292,2.464488756867084,2.464488756867084
190.83278,192.28261729290952,-1.449837292909507,1.449837292909507
325.0568639,327.45524918365845,-2.398385283658456,2.398385283658456
137.6605628,135.13609140269924,2.524471397300772,2.524471397300772
299.099052,299.1025146148056,-0.003462614805641806,0.003462614805641806
93.61885458,95.98197955188121,-2.3631249718812057,2.3631249718812057
110.5825006,110.21520455589034,0.3672960441096649,0.3672960441096649
246.2388495,245.58353154013437,0.6553179598656129,0.6553179598656129
333.7007365,334.74019997984954,-1.0394634798495304,1.0394634798495304
249.7158008,249.1329820346551,0.5828187653449106,0.5828187653449106
105.433105,103.0798711043899,2.353233895610103,2.353233895610103
107.4545729,103.04890223599,4.405670664010003,4.405670664010003
130.9007509,128.0013807890536,2.8993701109463927,2.8993701109463927
125.1482062,124.45895758511355,0.6892486148864521,0.6892486148864521
306.2487772,309.75747095018556,-3.5086937501855573,3.5086937501855573
138.0010516,135.1682967932602,2.832754806739814,2.832754806739814
123.4259731,128.05366981299483,-4.627696712994833,4.627696712994833
156.7171339,156.60486693242967,0.11226696757032073,0.11226696757032073
166.731075,170.81705972837122,-4.085984728371216,4.085984728371216
109.541122,110.14401643343558,-0.6028944334355799,0.6028944334355799
172.524878,170.8376313385021,1.687246661497909,1.687246661497909
77.8388226,78.16493749203087,-0.32611489203087274,0.32611489203087274
93.03341835,92.40605345282182,0.6273648971781824,0.6273648971781824
123.5891212,121.02630098381061,2.5628202161893796,2.5628202161893796
248.0506236,249.2752051347542,-1.2245815347542077,1.2245815347542077
103.7700567,99.6591955947402,4.110861105259801,4.110861105259801
49.28503296,46.1312095059352,3.153823454064799,3.153823454064799
81.13090923,78.24011084402156,2.8907983859784423,2.8907983859784423
168.6752956,160.0542066670564,8.621088932943593,8.621088932943593
206.9934179,210.07696980099527,-3.0835519009952748,3.0835519009952748
227.1903317,227.80818220166123,-0.6178505016612235,0.6178505016612235
186.8385884,188.63356910574936,-1.7949807057493672,1.7949807057493672
72.62590273,71.03880896685833,1.5870937631416808,1.5870937631416808
54.05961472,49.70160258854341,4.35801213145659,4.35801213145659
339.5852883,334.7534409830864,4.831847316913581,4.831847316913581
345.5068264,345.52518145609554,-0.018355056095515465,0.018355056095515465
252.3732128,252.80272159328186,-0.42950879328185465,0.42950879328185465
233.9894064,231.39463785868188,2.594768541318132,2.594768541318132
169.1387631,170.78533992477642,-1.6465768247764174,1.6465768247764174
145.2317251,145.95964807237425,-0.7279229723742446,0.7279229723742446
168.0564913,170.87756214138824,-2.8210708413882344,2.8210708413882344
162.3714748,163.705518081094,-1.3340432810940115,1.3340432810940115
311.7737736,313.4224083285067,-1.6486347285066927,1.6486347285066927
172.7968154,177.89970602159482,-5.10289062159481,5.10289062159481
213.5462203,209.89384153266369,3.6523787673363017,3.6523787673363017
260.7008823,263.4472718921407,-2.7463895921407016,2.7463895921407016
164.1988926,163.67726928786766,0.5216233121323341,0.5216233121323341
261.0148949,266.94270782365174,-5.927812923651743,5.927812923651743
150.1778288,145.9179711599326,4.259857640067395,4.259857640067395
80.12635487,81.8144625241203,-1.6881076541203015,1.6881076541203015
94.50404095,92.42065700359137,2.083383946408631,2.083383946408631
165.8408051,163.73300736514418,2.1077977348558363,2.1077977348558363
74.80941764,71.01733582429769,3.7920818157023177,3.7920818157023177
299.0219882,298.99241388467965,0.029574315320360256,0.029574315320360256
338.2614835,345.36264887987943,-7.101165379879433,7.101165379879433
186.0817907,185.01873713989,1.0630535601100064,1.0630535601100064
172.8780528,167.21406265514065,5.663990144859355,5.663990144859355
290.9593633,291.9673947492565,-1.0080314492565208,1.0080314492565208
242.9898876,242.04046134806092,0.9494262519390873,0.9494262519390873
48.30375112,46.07278420240726,2.2309669175927382,2.2309669175927382
245.7603942,245.6720438069587,0.08835039304130987,0.08835039304130987
144.5920869,145.81434915540478,-1.222262255404786,1.222262255404786
191.6180402,188.63704514520185,2.980995054798143,2.980995054798143
306.4455341,309.60963163182606,-3.164097531826087,3.164097531826087
203.7718264,202.82072099456414,0.9511054054358681,0.9511054054358681
156.982317,153.1175599431815,3.8647570568184904,3.8647570568184904
342.7989716,345.35816350289247,-2.559191902892451,2.559191902892451
66.76720286,71.08305787394202,-4.315855013942027,4.315855013942027
134.3960949,135.13721637430223,-0.7411214743022185,0.7411214743022185
106.074547,103.2027999471259,2.871747052874099,2.871747052874099
229.3025507,227.9607387960431,1.3418119039569092,1.3418119039569092
304.9218522,302.59388586179625,2.327966338203737,2.327966338203737
196.4379226,199.42657971701178,-2.988657117011769,2.988657117011769
179.9306044,181.39741609017244,-1.4668116901724488,1.4668116901724488
181.4839824,177.9499354201704,3.5340469798296112,3.5340469798296112
112.929838,113.85326943251039,-0.9234314325103838,0.9234314325103838
342.5758538,348.87446662305564,-6.298612823055635,6.298612823055635
178.5226415,181.44617128672363,-2.923529786723634,2.923529786723634
355.4113311,356.0533818110524,-0.642050711052434,0.642050711052434
69.64708343,63.96825564081067,5.678827789189327,5.678827789189327
41.21001616,35.481288672304174,5.728727487695828,5.728727487695828
249.3019048,249.2738281254072,0.02807667459279628,0.02807667459279628
54.51656478,49.6835285710917,4.833036208908304,4.833036208908304
311.5114489,313.3192908567422,-1.8078419567422088,1.8078419567422088
148.8945677,149.35499412512357,-0.4604264251235577,0.4604264251235577
146.9101496,149.4641969135418,-2.554047313541787,2.554047313541787
288.6605546,284.71654162438296,3.9440129756170563,3.9440129756170563
59.33841514,56.889819876044896,2.448595263955106,2.448595263955106
175.001346,170.78689540810356,4.214450591896451,4.214450591896451
49.81567405,49.773663787598224,0.04201026240177441,0.04201026240177441
129.2366754,128.02297198435093,1.2137034156490643,1.2137034156490643
182.5799489,181.41663866559645,1.1633102344035535,1.1633102344035535
80.63484412,81.74481812699271,-1.109974006992715,1.109974006992715
188.667483,195.7712831778166,-7.103800177816595,7.103800177816595
75.25843567,74.64270975114873,0.6157259188512683,0.6157259188512683
62.0795245,67.62335352376395,-5.543829023763955,5.543829023763955
117.856095,117.36622070201412,0.4898742979858781,0.4898742979858781
134.1887091,135.2146230768766,-1.0259139768765806,1.0259139768765806
135.8889695,138.70454724320976,-2.815577743209758,2.815577743209758
133.8775857,135.20240812109,-1.3248224210900048,1.3248224210900048
251.221702,252.7620401073642,-1.5403381073641924,1.5403381073641924
277.7072998,277.6769643261754,0.030335473824607107,0.030335473824607107
204.1140192,199.3082268898748,4.805792310125213,4.805792310125213
166.7506926,167.30523207733947,-0.5545394773394605,0.5545394773394605
185.5518229,181.57273582488966,3.9790870751103284,3.9790870751103284
37.48139169,39.04684519446363,-1.5654535044636262,1.5654535044636262
261.9314465,263.54162048614216,-1.610173986142172,1.610173986142172
137.5672188,135.11348292552327,2.4537358744767346,2.4537358744767346
275.3886734,274.02456653755627,1.364106862443748,1.364106862443748
309.2933349,313.34443539022425,-4.0511004902242576,4.0511004902242576
87.31981905,85.21442894691339,2.10539010308662,2.10539010308662
259.5772624,259.8553592071398,-0.278096807139832,0.278096807139832
248.0514829,249.16623362584855,-1.1147507258485518,1.1147507258485518
336.1680912,334.63093487501453,1.5371563249854603,1.5371563249854603
345.8470022,345.36929391256376,0.4777082874362577,0.4777082874362577
260.0953411,263.40635937198465,-3.311018271984665,3.311018271984665
80.92197504,78.13674660071342,2.785228439286584,2.785228439286584
348.6783865,345.3744695638375,3.303916936162466,3.303916936162466
179.3932673,174.40704871852418,4.986218581475811,4.986218581475811
84.12020878,81.77605754056523,2.3441512394347654,2.3441512394347654
291.9624407,295.3559686055299,-3.3935279055298793,3.3935279055298793
245.6431449,245.65034654885648,-0.007201648856465681,0.007201648856465681
315.4790544,316.772905290235,-1.2938508902349781,1.2938508902349781
136.2090591,131.69115218535887,4.517906914641117,4.517906914641117
38.67562299,35.46426886467938,3.211354125320618,3.211354125320618
219.5485134,220.76693155275348,-1.218418152753486,1.218418152753486
85.6443847,88.95591777661488,-3.3115330766148787,3.3115330766148787
65.5342542,74.72472386137294,-9.19046966137293,9.19046966137293
348.4529616,345.496999130419,2.9559624695809816,2.9559624695809816
293.4955055,295.41481463643237,-1.919309136432389,1.919309136432389
182.977191,185.07648328684326,-2.0992922868432515,2.0992922868432515
189.6550645,188.54796229901882,1.1071022009811884,1.1071022009811884
304.4568708,302.5982142480546,1.858656551945387,1.858656551945387
357.7881952,356.1622091349101,1.6259860650899327,1.6259860650899327
85.37271907,85.3424624991035,0.030256570896497692,0.030256570896497692
215.8630212,213.42390506961007,2.4391161303899196,2.4391161303899196
330.1523834,331.1542956170309,-1.001912217030906,1.001912217030906
108.360295,106.60761880744944,1.7526761925505525,1.7526761925505525
303.3890111,306.1974248166711,-2.8084137166711116,2.8084137166711116
265.8749687,266.89869322795073,-1.0237245279507192,1.0237245279507192
353.5486523,352.520333050531,1.028319249469007,1.028319249469007
80.25905423,78.24165800470709,2.017396225292913,2.017396225292913
40.67745075,39.11426985078029,1.5631808992197094,1.5631808992197094
101.3116574,99.61615368066637,1.6955037193336295,1.6955037193336295
336.7849071,334.6844652610308,2.100441838969175,2.100441838969175
112.7196391,110.23185663240223,2.4877824675977678,2.4877824675977678
259.9159326,263.45144389777164,-3.5355112977716203,3.5355112977716203
260.4652558,263.3862571347077,-2.9210013347076824,2.9210013347076824
53.43080271,53.34147212572225,0.08933058427775364,0.08933058427775364
293.065592,295.486209071442,-2.4206170714419954,2.4206170714419954
251.2359124,249.23446533027888,2.0014470697211095,2.0014470697211095
118.2267883,117.37287283811456,0.8539154618854354,0.8539154618854354
261.4717905,263.4864344829464,-2.0146439829463816,2.0146439829463816
178.3746767,174.43383486113572,3.940841838864287,3.940841838864287
152.4371646,153.00362994741414,-0.5664653474141517,0.5664653474141517
145.1731028,142.2879117452614,2.8851910547386126,2.8851910547386126
49.49801278,46.1158316187838,3.3821811612162023,3.3821811612162023
286.0300404,284.81229738505897,1.2177430149410498,1.2177430149410498
127.6646972,128.10265843534032,-0.4379612353403104,0.4379612353403104
219.8811188,220.73520796781835,-0.8540891678183584,0.8540891678183584
45.55251127,39.00483714145378,6.54767412854622,6.54767412854622
343.7695329,345.45847018727306,-1.6889372872730632,1.6889372872730632
271.7395527,274.0916706348567,-2.3521179348567216,2.3521179348567216
71.92646932,74.68213481297505,-2.755665492975055,2.755665492975055
209.9160703,206.49948379951087,3.4165865004891316,3.4165865004891316
191.5817244,192.17130795530886,-0.5895835553088489,0.5895835553088489
344.9342002,341.6878103946567,3.2463898053433127,3.2463898053433127
90.04268581,88.96612942862217,1.0765563813778272,1.0765563813778272
214.2389135,209.87153946400983,4.367374035990167,4.367374035990167
350.2026445,348.91480827293884,1.2878362270611774,1.2878362270611774
53.70202085,49.673348402516154,4.028672447483842,4.028672447483842
306.0907006,306.13004463681705,-0.039344036817055894,0.039344036817055894
229.7239327,231.3964132390483,-1.67248053904828,1.67248053904828
98.90352508,99.56673925420655,-0.6632141742065585,0.6632141742065585
262.8823829,259.8999972475581,2.9823856524419057,2.9823856524419057
209.5601139,210.1039895895202,-0.5438756895202062,0.5438756895202062
121.3364193,120.98881351171389,0.347605788286117,0.347605788286117
151.2688729,152.9729205375162,-1.7040476375161973,1.7040476375161973
111.1881219,113.80309044066536,-2.614968540665359,2.614968540665359
73.83086992,74.68545353709835,-0.8545836170983563,0.8545836170983563
190.0490835,192.19161253002116,-2.1425290300211657,2.1425290300211657
160.2409262,160.07881739630517,0.16210880369482084,0.16210880369482084
69.63577196,71.092763986222,-1.4569920262219966,1.4569920262219966
272.0791246,277.75340726254404,-5.674282662544044,5.674282662544044
215.7581688,213.47280264532677,2.285366154673227,2.285366154673227
217.2293131,213.44384283422764,3.785470265772375,3.785470265772375
322.2334226,320.51731058939504,1.7161120106049452,1.7161120106049452
131.7523427,135.21163765207027,-3.459294952070252,3.459294952070252
343.0460478,341.8413574098977,1.2046903901023143,1.2046903901023143
95.82210034,96.02496557909394,-0.2028652390939385,0.2028652390939385
313.5980144,313.3800625248593,0.21795187514072722,0.21795187514072722
44.76171723,53.276321582431535,-8.514604352431533,8.514604352431533
220.3647427,220.76392715976965,-0.399184459769657,0.399184459769657
220.7061299,224.28098502070392,-3.5748551207039156,3.5748551207039156
138.4315947,138.86146550581105,-0.4298708058110492,0.4298708058110492
56.32163683,56.90297831802883,-0.5813414880288263,0.5813414880288263
284.2308094,284.7185481343993,-0.48773873439932913,0.48773873439932913
153.4022709,149.5536572775407,3.8486136224592826,3.8486136224592826
43.42825766,42.53035796031716,0.8978996996828386,0.8978996996828386
223.8418947,224.1192243333199,-0.27732963331988003,0.27732963331988003
124.2568582,124.55277746863123,-0.29591926863123774,0.29591926863123774
63.82033234,60.42320269832163,3.3971296416783687,3.3971296416783687
279.8417838,277.588012668124,2.253771131875965,2.253771131875965
211.4791456,213.59122514138667,-2.112079541386663,2.112079541386663
223.0521522,220.54061040346747,2.5115417965325264,2.5115417965325264
185.8950197,185.0749361389606,0.8200835610394108,0.8200835610394108
224.4149321,217.12067871232853,7.294253387671461,7.294253387671461
240.2914041,235.0587484150659,5.2326556849340875,5.2326556849340875
155.5991953,153.00438954872848,2.594805751271508,2.594805751271508
111.4535967,113.74741089039146,-2.2938141903914584,2.2938141903914584
302.8879982,306.1205505344223,-3.23255233442228,3.23255233442228
132.7269458,135.13699880156173,-2.410053001561721,2.410053001561721
193.3989459,195.6682231642334,-2.269277264233409,2.269277264233409
144.4035676,142.35821790355885,2.04534969644115,2.04534969644115
294.0207823,298.98110495694755,-4.96032265694754,4.96032265694754
263.346636,263.29669839884383,0.04993760115615942,0.04993760115615942
77.69255229,74.62421053370817,3.0683417562918294,3.0683417562918294
353.7459182,356.15577486473785,-2.4098566647378448,2.4098566647378448
335.5060119,331.0106629191408,4.4953489808591485,4.4953489808591485
104.3526653,103.10305509120732,1.2496102087926744,1.2496102087926744
73.72119644,74.65897747028261,-0.9377810302826077,0.9377810302826077
237.6481109,242.08475296542244,-4.436642065422433,4.436642065422433
267.1082037,266.9854870226408,0.1227166773591648,0.1227166773591648
275.7361419,270.539765300571,5.196376599429016,5.196376599429016
124.1763504,124.50252286228152,-0.3261724622815194,0.3261724622815194
172.1412058,167.15640343029008,4.984802369709911,4.984802369709911
350.3919102,348.9979308886544,1.3939793113455607,1.3939793113455607
314.5549903,316.71915544548796,-2.1641651454879707,2.1641651454879707
232.2652984,234.91157945727616,-2.6462810572761555,2.6462810572761555
49.16942945,56.7917246266162,-7.622295176616198,7.622295176616198
133.021187,142.30826136655614,-9.28707436655614,9.28707436655614
223.2473066,216.97501165288585,6.272294947114148,6.272294947114148
86.78602638,85.3237053931327,1.4623209868672973,1.4623209868672973
192.9436776,192.16076840940084,0.7829091905991561,0.7829091905991561
269.5336088,266.92927766152604,2.604331138473981,2.604331138473981
67.58062238,63.95390480952915,3.626717570470845,3.626717570470845
131.0122933,135.10953157176078,-4.097238271760773,4.097238271760773
145.522259,142.34918551209077,3.173073487909221,3.173073487909221
78.82350018,74.68600748501781,4.1374926949821855,4.1374926949821855
331.5415059,331.22962220222934,0.3118836977706678,0.3118836977706678
192.682492,195.73343100801557,-3.0509390080155754,3.0509390080155754
248.4322622,245.54406308080883,2.888199119191171,2.888199119191171
143.3820862,142.3869592096675,0.9951269903324942,0.9951269903324942
75.93383288,71.13768308098317,4.796149799016831,4.796149799016831
338.015537,341.87373966220457,-3.858202662204576,3.858202662204576
120.0024179,120.96984145044298,-0.9674235504429873,0.9674235504429873
354.9664218,352.4109374524111,2.5554843475889015,2.5554843475889015
130.552388,124.43298583889874,6.119402161101263,6.119402161101263
184.1005902,188.60210272950636,-4.501512529506357,4.501512529506357
276.098803,277.74269761952985,-1.643894619529874,1.643894619529874
129.1776006,131.6279820167164,-2.4503814167163966,2.4503814167163966
109.5943019,110.34687166383978,-0.752569763839773,0.752569763839773
150.1102653,153.06616717044298,-2.955901870442972,2.955901870442972
197.6658547,192.14115036866136,5.524704331338654,5.524704331338654
337.8500686,334.6176666302546,3.2324019697454105,3.2324019697454105
68.20662226,64.0141477242571,4.192474535742903,4.192474535742903
157.6297256,160.02954202325685,-2.3998164232568513,2.3998164232568513
295.518075,291.9407814398377,3.5772935601623317,3.5772935601623317
334.7867143,334.6480836766967,0.13863062330335651,0.13863062330335651
210.8924638,213.5066614782589,-2.614197678258904,2.614197678258904
172.960982,174.49659465193852,-1.5356126519385214,1.5356126519385214
106.9208496,106.65115585238651,0.26969374761348774,0.26969374761348774
265.9391924,263.4791961403489,2.4599962596511205,2.4599962596511205
157.4058687,160.12607513429523,-2.7202064342952212,2.7202064342952212
350.7275252,348.9102279452643,1.8172972547357062,1.8172972547357062
77.64516073,78.13660165238997,-0.4914409223899696,0.4914409223899696
142.4169063,145.9125303836656,-3.4956240836656036,3.4956240836656036
183.9145347,185.13571147664285,-1.2211767766428636,1.2211767766428636
62.19423217,67.52018135829339,-5.325949188293386,5.325949188293386
159.5372458,153.06374926347422,6.473496536525772,6.473496536525772
305.516268,306.12874854825395,-0.6124805482539273,0.6124805482539273
300.9241889,299.0573020008455,1.8668868991545082,1.8668868991545082
350.3274806,352.35256127166076,-2.02508067166076,2.02508067166076
131.0772545,138.78680251233214,-7.709548012332135,7.709548012332135
302.816704,306.07870028381706,-3.261996283817041,3.261996283817041
351.230812,352.37311568405676,-1.142303684056742,1.142303684056742
78.65146156,81.78794843425712,-3.136486874257116,3.136486874257116
162.1521711,163.5850225954716,-1.4328514954715956,1.4328514954715956
57.90089101,60.497900537393036,-2.597009527393034,2.597009527393034
169.2278032,170.754173794635,-1.526370594634983,1.526370594634983
92.56307125,88.96618337655912,3.5968878734408776,3.5968878734408776
111.1952799,113.77686294389159,-2.581583043891584,2.581583043891584
142.3453845,138.7490154331465,3.596369066853498,3.596369066853498
298.706397,295.4639556542975,3.2424413457025025,3.2424413457025025
347.9625409,345.42914233628176,2.533398563718265,2.533398563718265
156.9537519,153.01949953223408,3.9342523677659074,3.9342523677659074
110.7969059,117.42824041981424,-6.631334519814246,6.631334519814246
152.0813142,153.05720336238448,-0.9758891623844761,0.9758891623844761
170.0457399,174.51516475417515,-4.469424854175145,4.469424854175145
199.1316965,195.73331614677284,3.398380353227168,3.398380353227168
158.6215801,163.8132032558672,-5.191623155867205,5.191623155867205
319.4375263,320.5500802911148,-1.112553991114794,1.112553991114794
279.2291959,277.6737528347461,1.5554430652538827,1.5554430652538827
306.3800054,302.5704090559607,3.809596344039335,3.809596344039335
146.5321116,152.98323700158298,-6.451125401582971,6.451125401582971
304.7830071,302.65031859438426,2.1326885056157607,2.1326885056157607
284.1730009,284.7522371240452,-0.5792362240452462,0.5792362240452462
186.6132475,188.5947743531177,-1.981526853117714,1.981526853117714
49.97649711,49.70187530518024,0.27462180481975906,0.27462180481975906
175.9890313,181.52106126498688,-5.53202996498689,5.53202996498689
128.1369482,128.16929462276877,-0.03234642276876798,0.03234642276876798
315.2344468,316.89346177365127,-1.6590149736512672,1.6590149736512672
129.7000617,131.5113897686383,-1.8113280686383177,1.8113280686383177
90.8262619,88.93114509786425,1.8951168021357603,1.8951168021357603
332.9227403,334.52277887294076,-1.6000385729407753,1.6000385729407753
162.7823996,163.63621425677258,-0.8538146567725846,0.8538146567725846
352.9301142,352.50119554477635,0.42891865522364014,0.42891865522364014
171.7390914,170.684160893472,1.0549305065279952,1.0549305065279952
214.1917541,213.50811197800223,0.6836421219977638,0.6836421219977638
215.4557751,213.60922426065548,1.8465508393445305,1.8465508393445305
148.2257628,145.91175728643873,2.314005513561284,2.314005513561284
104.5832771,106.81530213651226,-2.2320250365122547,2.2320250365122547
147.5658151,142.31258156738346,5.253233532616548,5.253233532616548
140.7327718,142.25976707445,-1.5269952744500017,1.5269952744500017
220.8382216,217.1575210282391,3.6807005717608945,3.6807005717608945
229.4978002,227.82832555271625,1.6694746472837494,1.6694746472837494
64.57192004,67.58332384894064,-3.011403808940642,3.011403808940642
201.3055442,202.90177885685722,-1.596234656857206,1.596234656857206
256.1426344,256.3280627752405,-0.18542837524046263,0.18542837524046263
309.2043274,306.2695673674416,2.9347600325584153,2.9347600325584153
321.9573372,320.3475074722787,1.6098297277212623,1.6098297277212623
299.831784,302.6380444432104,-2.8062604432103626,2.8062604432103626
322.3014359,324.03947549364557,-1.738039593645567,1.738039593645567
44.84905295,46.10185488035057,-1.2528019303505715,1.2528019303505715
123.5261126,128.02527790605603,-4.499165306056028,4.499165306056028
290.4388997,288.4302466096822,2.0086530903178073,2.0086530903178073
82.79208811,81.77963736272005,1.0124507472799422,1.0124507472799422
147.2296322,149.39183277613472,-2.1622005761347225,2.1622005761347225
220.344136,224.20931417666594,-3.8651781766659496,3.8651781766659496
321.5275916,320.37788072411,1.1497108758899799,1.1497108758899799
182.9860143,185.0812847924529,-2.0952704924528973,2.0952704924528973
75.77689023,71.11493491491659,4.661955315083418,4.661955315083418
56.88697574,53.28696830311259,3.6000074368874095,3.6000074368874095
214.5606694,213.49850726959562,1.0621621304043742,1.0621621304043742
224.7741278,220.62357827221405,4.150549527785955,4.150549527785955
349.5406063,348.868940640306,0.6716656596939856,0.6716656596939856
192.1249092,188.53610316396987,3.588806036030121,3.588806036030121
141.8290708,145.85966212960335,-4.0305913296033395,4.0305913296033395
341.1248757,345.3093647675364,-4.18448906753639,4.18448906753639
297.1053817,302.779160219651,-5.673778519650966,5.673778519650966
112.8147944,120.85028908719437,-8.035494687194372,8.035494687194372
351.8627923,348.82843645056033,3.0343558494396916,3.0343558494396916
334.0892379,334.72545111695297,-0.6362132169529673,0.6362132169529673
232.8098953,227.84326189392598,4.96663340607401,4.96663340607401
194.573563,192.1515229420761,2.4220400579239083,2.4220400579239083
102.2442104,106.68397228276724,-4.439761882767243,4.439761882767243
232.314771,235.07655847943713,-2.7617874794371176,2.7617874794371176
321.7478782,320.33079726976746,1.4170809302325438,1.4170809302325438
134.6410155,131.74433519718914,2.8966803028108643,2.8966803028108643
34.20517016,35.510129497790814,-1.3049593377908124,1.3049593377908124
223.6785915,217.10996896972006,6.568622530279953,6.568622530279953
41.35123045,39.09644587514023,2.2547845748597695,2.2547845748597695
66.49664423,74.651874204081,-8.155229974080996,8.155229974080996
232.2761831,231.4027064876753,0.8734766123247084,0.8734766123247084
145.7086026,138.70257556408254,7.0060270359174694,7.0060270359174694
126.7749212,124.51450500060031,2.2604161993996854,2.2604161993996854
110.2396605,106.67126211171637,3.568398388283626,3.568398388283626
91.49656896,85.37052543514098,6.126043524859028,6.126043524859028
225.4633762,224.20903048926345,1.254345710736544,1.254345710736544
222.5016725,224.17223124837466,-1.6705587483746456,1.6705587483746456
243.8078034,245.63137932905386,-1.8235759290538454,1.8235759290538454
80.977606,81.775735048059,-0.7981290480590104,0.7981290480590104
213.3809614,213.53684712803138,-0.155885728031393,0.155885728031393
174.1790953,174.4116762969645,-0.23258099696448653,0.23258099696448653
332.5900956,334.63443170932453,-2.044336109324547,2.044336109324547
293.1490901,291.87897683832676,1.2701132616732593,1.2701132616732593
312.3107698,313.26680643520336,-0.9560366352033611,0.9560366352033611
184.643663,192.2342559586135,-7.590592958613485,7.590592958613485
112.4151112,110.16476614027675,2.2503450597232444,2.2503450597232444
103.8823237,103.15236636372136,0.7299573362786447,0.7299573362786447
203.5732333,202.88449088665274,0.6887424133472564,0.6887424133472564
62.31766345,63.943642200161975,-1.625978750161977,1.625978750161977
232.6222384,235.03985473585126,-2.417616335851278,2.417616335851278
341.4281402,338.30319526655643,3.124944933443544,3.124944933443544
167.4078395,163.717952185283,3.689887314716998,3.689887314716998
295.5055495,295.6282750692208,-0.12272556922084732,0.12272556922084732
177.3087891,174.26423722438741,3.0445518756125978,3.0445518756125978
130.5551089,128.03292342258942,2.5221854774105736,2.5221854774105736
141.588694,142.30494056352802,-0.7162465635280171,0.7162465635280171
162.7009564,163.67846995822828,-0.9775135582282815,0.9775135582282815
125.54135,128.0824003714808,-2.541050371480793,2.541050371480793
204.099035,206.4387111206235,-2.3396761206235226,2.3396761206235226
103.7651204,103.24700218682526,0.5181182131747448,0.5181182131747448
189.9670241,195.77496758505026,-5.807943485050259,5.807943485050259
33.50980953,42.64728222068166,-9.137472690681662,9.137472690681662
151.4086258,153.01516516122305,-1.6065393612230423,1.6065393612230423
225.7821031,227.81603931197998,-2.0339362119799773,2.0339362119799773
47.04218287,49.74363963537701,-2.70145676537701,2.70145676537701
282.5939877,284.9421318393229,-2.3481441393228693,2.3481441393228693
104.1918592,106.78039537125571,-2.5885361712557113,2.5885361712557113
115.089794,113.94111022198844,1.1486837780115593,1.1486837780115593
269.7375692,270.5553081626387,-0.8177389626387139,0.8177389626387139
151.2248068,149.40325907040716,1.8215477295928508,1.8215477295928508
225.0640548,227.87824169253327,-2.8141868925332574,2.8141868925332574
181.3418933,181.37780114981683,-0.035907849816823045,0.035907849816823045
261.2341445,263.42346873120863,-2.189324231208616,2.189324231208616
70.03021409,71.06197996595792,-1.031765875957916,1.031765875957916
162.1479537,167.1680111522814,-5.0200574522814065,5.0200574522814065
79.28170883,71.13190546448406,8.149803365515936,8.149803365515936
112.0706407,110.2450198602856,1.8256208397144036,1.8256208397144036
202.3921238,199.37551872895278,3.0166050710472234,3.0166050710472234
351.5295188,352.5837714858556,-1.0542526858556016,1.0542526858556016
54.92793416,53.36624647562485,1.5616876843751513,1.5616876843751513
61.84675049,63.88490271324565,-2.0381522232456533,2.0381522232456533
116.2559525,120.97634007077617,-4.720387570776168,4.720387570776168
308.9307731,306.10228304416216,2.8284900558378467,2.8284900558378467
144.8765937,142.31878441841997,2.5578092815800346,2.5578092815800346
146.0814648,145.92463066279336,0.15683413720662998,0.15683413720662998
320.5882954,316.8197530556864,3.7685423443135733,3.7685423443135733
331.4718283,334.6631310426508,-3.1913027426507483,3.1913027426507483
268.7997822,267.0275913844023,1.7721908155976962,1.7721908155976962
250.7257902,249.0635551985925,1.6622350014075096,1.6622350014075096
87.56752443,85.25216137974293,2.3153630502570763,2.3153630502570763
63.1760749,67.48056721269892,-4.304492312698912,4.304492312698912
210.4584896,206.4281865876742,4.030303012325817,4.030303012325817
258.4451317,259.77326931139385,-1.3281376113938563,1.3281376113938563
48.15440304,46.293696582616604,1.8607064573833938,1.8607064573833938
277.9719036,277.5718526414666,0.4000509585334271,0.4000509585334271
320.4673397,324.00184617295224,-3.5345064729522164,3.5345064729522164
158.6730922,156.52198700606974,2.1511051939302774,2.1511051939302774
207.3106406,206.4688037939551,0.8418368060449097,0.8418368060449097
294.9693245,292.05529642499005,2.9140280750099805,2.9140280750099805
246.4092004,245.60737401287423,0.8018263871257716,0.8018263871257716
118.5082625,117.46756923013234,1.0406932698676599,1.0406932698676599
130.2172702,131.67728358458368,-1.4600133845836751,1.4600133845836751
197.9449499,199.33502845676705,-1.3900785567670368,1.3900785567670368
192.0977956,188.6250554278954,3.472740172104608,3.472740172104608
283.04186,281.30615204471854,1.7357079552814412,1.7357079552814412
161.7826384,163.77932948510332,-1.996691085103322,1.996691085103322
162.4281991,163.64639241757496,-1.2181933175749577,1.2181933175749577
261.9747959,263.50723152552075,-1.5324356255207476,1.5324356255207476
40.16005595,39.046191984992674,1.1138639650073259,1.1138639650073259
46.74453019,42.654203306380595,4.090326883619404,4.090326883619404
323.0028062,320.45526866199907,2.547537538000938,2.547537538000938
68.48861968,67.46778535772589,1.020834322274112,1.020834322274112
107.972791,110.32030354042026,-2.3475125404202544,2.3475125404202544
90.57569612,96.03953338519149,-5.463837265191486,5.463837265191486
60.64135781,60.434689541625204,0.20666826837479846,0.20666826837479846
165.2759528,163.62582763301742,1.6501251669825763,1.6501251669825763
107.0381741,110.25412779401663,-3.215953694016619,3.215953694016619
234.1596648,231.43511184713793,2.7245529528620693,2.7245529528620693
215.7972985,217.05510991232654,-1.2578114123265323,1.2578114123265323
212.3449809,209.8929437082787,2.4520371917213026,2.4520371917213026
133.3876269,135.1821142880929,-1.7944873880929038,1.7944873880929038
235.9387612,238.58986682818878,-2.6511056281887875,2.6511056281887875
272.6232823,277.6407658636359,-5.017483563635892,5.017483563635892
286.0021775,284.8132137019171,1.1889637980829093,1.1889637980829093
45.75723345,46.22348238761796,-0.46624893761796216,0.46624893761796216
185.7341703,185.02871326563707,0.7054570343629223,0.7054570343629223
253.6104113,252.74050983538626,0.8699014646137471,0.8699014646137471
276.0838978,274.128433950357,1.9554638496429675,1.9554638496429675
333.8742928,331.1357895009371,2.73850329906287,2.73850329906287
61.87297616,60.38081035310063,1.4921658068993722,1.4921658068993722
235.9187645,234.92099745309727,0.9977670469027373,0.9977670469027373
299.3466037,298.9816428356729,0.3649608643270881,0.3649608643270881
144.6284015,145.8033793784709,-1.1749778784709122,1.1749778784709122
56.76894157,56.80089682484345,-0.03195525484344586,0.03195525484344586
80.30333838,78.20400573681094,2.099332643189058,2.099332643189058
103.8744139,103.22541707700239,0.6489968229976029,0.6489968229976029
204.4063412,206.40974053473263,-2.00339933473262,2.00339933473262
328.955878,327.5894698611726,1.3664081388274099,1.3664081388274099
164.3390498,160.11659217869942,4.222457621300578,4.222457621300578
343.6733749,345.2465018433312,-1.5731269433312036,1.5731269433312036
101.9046011,103.13554430360698,-1.2309432036069836,1.2309432036069836
314.1227914,309.662828741217,4.459962658782956,4.459962658782956
272.9416164,270.4896172248131,2.45199917518687,2.45199917518687
65.65345809,64.00733784566069,1.6461202443393148,1.6461202443393148
303.397391,302.54652621071,0.8508647892900285,0.8508647892900285
278.3891207,284.76038574733155,-6.371265047331576,6.371265047331576
164.238952,156.58918496027022,7.649767039729795,7.649767039729795
198.3215216,199.3105552935183,-0.9890336935182802,0.9890336935182802
341.5305096,348.9676652731164,-7.437155673116365,7.437155673116365
261.938262,259.8932463026361,2.045015697363908,2.045015697363908
283.4302118,281.14518048398776,2.285031316012237,2.285031316012237
262.5881897,259.9628668979262,2.6253228020738106,2.6253228020738106
245.6391876,242.11808701472395,3.5211005852760593,3.5211005852760593
33.74191884,35.54159484931583,-1.7996760093158315,1.7996760093158315
48.19920075,53.27044065550007,-5.0712399055000645,5.0712399055000645
311.743669,309.7091039096182,2.034565090381818,2.034565090381818
68.63176182,67.63936090083429,0.9924009191657035,0.9924009191657035
304.2232926,302.6618477833759,1.561444816624089,1.561444816624089
229.933365,227.82614212592452,2.1072228740754895,2.1072228740754895
228.7836731,227.7784678661611,1.0052052338388933,1.0052052338388933
215.7297595,220.78133473227686,-5.051575232276861,5.051575232276861
101.8731014,103.11978184958127,-1.2466804495812767,1.2466804495812767
179.2364139,181.47500581359722,-2.2385919135972188,2.2385919135972188
51.78609705,53.226557232813235,-1.4404601828132328,1.4404601828132328
112.1928797,110.30905850148064,1.883821198519371,1.883821198519371
261.2171393,263.44147985354107,-2.224340553541083,2.224340553541083
352.3043995,356.071936656007,-3.767537156006995,3.767537156006995
340.9498167,338.19508629505225,2.754730404947736,2.754730404947736
273.2603079,274.0924648694655,-0.8321569694655295,0.8321569694655295
72.9067845,71.10961999147007,1.7971645085299315,1.7971645085299315
160.5471107,160.1691940856245,0.3779166143754935,0.3779166143754935
157.924518,160.01862390605257,-2.0941059060525617,2.0941059060525617
279.5126168,281.13646286914536,-1.6238460691453724,1.6238460691453724
160.9908055,160.11271832866225,0.8780871713377394,0.8780871713377394
203.4127627,206.38660349931536,-2.9738407993153544,2.9738407993153544
286.6589042,292.0044517287593,-5.345547528759312,5.345547528759312
124.4780998,120.94099051044546,3.537109289554536,3.537109289554536
82.07620152,81.799840396374,0.2763611236260033,0.2763611236260033
281.5009425,284.7397870914109,-3.2388445914108956,3.2388445914108956
59.22385929,56.88234531347729,2.3415139765227124,2.3415139765227124
171.1083392,163.7211505451302,7.387188654869789,7.387188654869789
265.8386484,263.30377267027194,2.5348757297280713,2.5348757297280713
74.21648745,74.5340188222231,-0.317531372223101,0.317531372223101
275.9579113,274.15354305091404,1.8043682490859396,1.8043682490859396
63.86148151,60.40285192337765,3.4586295866223438,3.4586295866223438
344.6565241,341.9712247951404,2.6852993048595977,2.6852993048595977
248.7031099,252.6524810614523,-3.9493711614523193,3.9493711614523193
261.5153506,267.0619281003947,-5.546577500394733,5.546577500394733
119.2207147,128.0700902955008,-8.849375595500788,8.849375595500788
152.1070032,153.0649324380571,-0.9579292380570905,0.9579292380570905
263.2191068,263.4710943977975,-0.2519875977974948,0.2519875977974948
289.6405858,288.4224559245531,1.2181298754468912,1.2181298754468912
132.9857305,131.7005186417784,1.2852118582216008,1.2852118582216008
146.9844593,145.94867717983956,1.0357821201604338,1.0357821201604338
203.1655666,206.4430898502357,-3.277523250235703,3.277523250235703
133.2952269,135.18621878241782,-1.8909918824178362,1.8909918824178362
70.97470749,67.55015879234652,3.424548697653478,3.424548697653478
148.0600815,145.78794055575804,2.2721409442419542,2.2721409442419542
231.1410974,231.26878295541513,-0.12768555541512683,0.12768555541512683
151.1494622,153.057206624499,-1.9077444244990147,1.9077444244990147
348.4377445,341.7295601672641,6.708184332735925,6.708184332735925
175.1861676,174.3377028861419,0.8484647138581067,0.8484647138581067
134.4459731,131.7617281433613,2.6842449566387074,2.6842449566387074
196.5688926,199.3550289667798,-2.7861363667798003,2.7861363667798003
244.6548065,245.58998825631028,-0.9351817563102713,0.9351817563102713
278.7830371,281.11572603120663,-2.332688931206633,2.332688931206633
285.2438359,284.8856648427851,0.3581710572149177,0.3581710572149177
121.2157974,124.50132321733243,-3.2855258173324273,3.2855258173324273
272.4213353,270.56466457733245,1.856670722667559,1.856670722667559
225.791715,224.25088980223367,1.5408251977663383,1.5408251977663383
268.3858364,270.6133864270089,-2.227550027008874,2.227550027008874
77.52464044,71.1591916133727,6.365448826627301,6.365448826627301
226.276965,227.7432735608645,-1.466308560864519,1.466308560864519
266.9377139,263.4334829156742,3.5042309843258295,3.5042309843258295
147.4752162,149.42107997218824,-1.9458637721882326,1.9458637721882326
175.5391351,174.40752995970053,1.1316051402994844,1.1316051402994844
212.7643968,213.50625691163725,-0.7418601116372656,0.7418601116372656
177.0023893,177.9018253762032,-0.8994360762031874,0.8994360762031874
267.7402836,270.5276421396369,-2.787358539636898,2.787358539636898
341.9124151,341.74635893850245,0.16605616149752223,0.16605616149752223
355.8071214,352.4532176913628,3.353903708637233,3.353903708637233
253.6910094,252.78326978548085,0.9077396145191585,0.9077396145191585
145.2979431,142.310704131247,2.9872389687529903,2.9872389687529903
354.7366744,352.58455120830047,2.152123191699559,2.152123191699559
134.409246,131.63152178442581,2.7777242155741817,2.7777242155741817
256.9743305,249.1688158294292,7.805514670570801,7.805514670570801
171.4176165,174.3724770692946,-2.9548605692945955,2.9548605692945955
39.78811714,39.072098990032714,0.7160181499672831,0.7160181499672831
125.0736865,127.97825653947896,-2.904570039478969,2.904570039478969
75.8834525,74.60937584661974,1.2740766533802628,1.2740766533802628
290.4074031,288.28038478436645,2.1270183156335634,2.1270183156335634
187.4913834,192.20824576924542,-4.716862369245433,4.716862369245433
345.962898,348.83979776170327,-2.876899761703271,2.876899761703271
242.2336763,234.94540736690485,7.288268933095168,7.288268933095168
173.0682943,170.7341853336743,2.3341089663256867,2.3341089663256867
310.7435048,313.3503367740483,-2.606831974048305,2.606831974048305
93.29172911,99.57639633576672,-6.284667225766711,6.284667225766711
107.7561749,106.62870546486809,1.127469435131914,1.127469435131914
62.80019843,64.01006579622717,-1.209867366227165,1.209867366227165
217.5702553,220.76405772367232,-3.1938024236723095,3.1938024236723095
248.312749,249.1219075876059,-0.8091585876059071,0.8091585876059071
314.8714995,313.29623351556904,1.5752659844309846,1.5752659844309846
326.6822053,327.5999214142695,-0.9177161142694672,0.9177161142694672
103.3493972,106.78107707678794,-3.431679876787939,3.431679876787939
317.3858125,320.3804869712942,-2.9946744712942177,2.9946744712942177
36.86056147,35.48293049201462,1.3776309779853833,1.3776309779853833
73.52872631,74.65403657056774,-1.125310260567744,1.125310260567744
289.2494128,288.23170516548385,1.0177076345161709,1.0177076345161709
250.6669444,256.3964420908544,-5.7294976908544015,5.7294976908544015
300.0486748,302.45700482995534,-2.408330029955323,2.408330029955323
144.9588328,142.2492861804756,2.709546619524417,2.709546619524417
41.90670866,42.542861267765176,-0.636152607765176,0.636152607765176
82.54907175,85.2698870201895,-2.7208152701895045,2.7208152701895045
48.94457673,49.7393082511027,-0.7947315211026975,0.7947315211026975
263.041024,263.3978048737881,-0.35678087378812506,0.35678087378812506
63.82023463,63.92803970831588,-0.10780507831587727,0.10780507831587727
350.8437408,356.1161335112338,-5.272392711233806,5.272392711233806
334.0413917,331.10962367942136,2.9317680205786587,2.9317680205786587
207.7139558,206.51809044836486,1.195865351635149,1.195865351635149
259.254776,259.87566921426543,-0.6208932142654362,0.6208932142654362
220.1068272,217.23316752449628,2.873659675503717,2.873659675503717
178.1463431,177.98494991475607,0.16139318524392365,0.16139318524392365
152.0515512,153.01028250795017,-0.9587313079501598,0.9587313079501598
281.4104149,281.2472257301055,0.16318916989445142,0.16318916989445142
112.3081088,106.7802002122675,5.527908587732497,5.527908587732497
326.4344483,331.0302533206617,-4.5958050206617145,4.5958050206617145
62.67089721,60.52003237824826,2.15086483175174,2.15086483175174
237.7424954,238.53907246928978,-0.796577069289782,0.796577069289782
191.3995094,188.67842416067037,2.721085239329625,2.721085239329625
227.5973666,224.2377265859582,3.359640014041787,3.359640014041787
184.0478213,181.4627716769873,2.585049623012708,2.585049623012708
173.2842591,177.92847082683318,-4.644211726833163,4.644211726833163
54.87146753,56.784062992015095,-1.9125954620150978,1.9125954620150978
198.6798248,195.7086255856941,2.971199214305898,2.971199214305898
327.2404468,331.26983844733775,-4.029391647337775,4.029391647337775
141.1120057,138.71815978236225,2.393845917637748,2.393845917637748
279.998199,281.20713777110734,-1.2089387711073414,1.2089387711073414
210.4689581,213.55453579639482,-3.0855776963948074,3.0855776963948074
231.7642637,227.8171761639298,3.9470875360701996,3.9470875360701996
85.81164773,85.31164278367993,0.5000049463200753,0.5000049463200753
113.1893779,106.6784468021984,6.510931097801603,6.510931097801603
36.30549977,39.04028383294113,-2.734784062941131,2.734784062941131
166.0603064,167.23926179148935,-1.1789553914893531,1.1789553914893531
284.0248239,284.7413846866873,-0.7165607866872961,0.7165607866872961
222.4683071,224.2416127169111,-1.7733056169111023,1.7733056169111023
149.8920675,149.3961333571587,0.49593414284129267,0.49593414284129267
53.55799661,56.79191563528482,-3.233919025284827,3.233919025284827
104.5909045,106.68813945029112,-2.0972349502911243,2.0972349502911243
245.8102151,245.50766777975133,0.3025473202486637,0.3025473202486637
247.3166842,242.01477705045804,5.301907149541961,5.301907149541961
278.955153,277.6516089595014,1.3035440404985934,1.3035440404985934
197.1262712,199.20021559567263,-2.0739443956726404,2.0739443956726404
344.8519006,338.10536525016414,6.746535349835881,6.746535349835881
134.7800375,135.13285749325743,-0.35281999325744096,0.35281999325744096
69.83370712,71.078730107422,-1.2450229874220042,1.2450229874220042
316.5734832,316.8923704242821,-0.3188872242820935,0.3188872242820935
