,y_true,y_pred,residual,absolute_error
2382,3.504785635870539,3.467883737204724,0.03690189866581495,0.03690189866581495
3112,2.086603830025193,2.0443123271243713,0.04229150290082151,0.04229150290082151
2708,2.375481462362108,2.3363923004970815,0.03908916186502642,0.03908916186502642
2933,2.8658244023319934,2.8483759486924796,0.01744845363951386,0.01744845363951386
283,2.6697764469179277,2.6462910904215673,0.02348535649636041,0.02348535649636041
2768,2.8000627468533965,2.6746114250483024,0.1254513218050941,0.1254513218050941
325,2.6988650641416156,2.759512188112506,-0.06064712397089034,0.06064712397089034
2188,2.3565097973400526,2.328151521189253,0.028358276150799444,0.028358276150799444
415,2.4545874336976192,2.3830181899143534,0.07156924378326579,0.07156924378326579
825,2.8491494026318915,2.787498617295377,0.06165078533651469,0.06165078533651469
1086,2.698724616623796,2.7051939656058535,-0.006469348982057532,0.006469348982057532
916,2.412502328467894,2.4475338056130895,-0.03503147714519539,0.03503147714519539
4009,2.2874548008571858,2.1864646190020274,0.1009901818551584,0.1009901818551584
1601,2.002841517009576,2.139618909801934,-0.13677739279235768,0.13677739279235768
2509,2.8185963427689362,3.0679387237230102,-0.24934238095407402,0.24934238095407402
1510,2.5555334027999073,2.5860346707928783,-0.030501267992971037,0.030501267992971037
439,2.9234333271627415,2.9414218659455043,-0.017988538782762742,0.017988538782762742
116,2.4731723497634546,2.5343908271810918,-0.061218477417637196,0.061218477417637196
2798,2.404326472455777,2.4377189829064236,-0.03339251045064673,0.03339251045064673
530,2.640946022965096,2.5863178418497825,0.054628181115313534,0.054628181115313534
2971,2.5370435153343847,2.5458173810689377,-0.008773865734553077,0.008773865734553077
1769,2.673831236386214,2.640228084072118,0.03360315231409583,0.03360315231409583
1692,2.7536627534411466,2.7865494555511927,-0.03288670211004607,0.03288670211004607
1610,2.5835110873225653,2.590049241367493,-0.0065381540449278575,0.0065381540449278575
2838,2.665673345897901,2.634161493096364,0.03151185280153701,0.03151185280153701
3598,3.025242974578307,3.102575621665986,-0.07733264708767917,0.07733264708767917
1740,2.1907650084269163,2.124056867827773,0.0667081405991432,0.0667081405991432
271,2.3814798358548925,2.4532123594360686,-0.0717325235811761,0.0717325235811761
4411,2.7394046680366237,2.6626161739438112,0.07678849409281252,0.07678849409281252
4354,2.5435658037658015,2.538643159965231,0.004922643800570725,0.004922643800570725
4233,2.565582877734198,2.5865730313574082,-0.02099015362321044,0.02099015362321044
3378,2.6580358352320603,2.6147945514137234,0.04324128381833692,0.04324128381833692
3207,2.5955798447005995,2.555429706929091,0.040150137771508554,0.040150137771508554
977,2.53548248857311,2.5646830783676955,-0.029200589794585508,0.029200589794585508
4141,2.4188987197042384,2.4270503622387625,-0.00815164253452405,0.00815164253452405
2472,2.666782286437911,2.591446833493753,0.07533545294415811,0.07533545294415811
1649,2.6000816739998314,2.5832075223642437,0.016874151635587697,0.016874151635587697
4297,2.8062997383090895,2.7241056477658714,0.08219409054321813,0.08219409054321813
3310,2.579095738073546,2.5709174378461057,0.00817830022744026,0.00817830022744026
3747,2.7419871738572317,2.7285481893530315,0.013438984504200224,0.013438984504200224
4422,2.500511685276096,2.530722280235965,-0.03021059495986922,0.03021059495986922
1996,2.4493675415585963,2.3935598806825977,0.05580766087599853,0.05580766087599853
4045,2.616419144037576,2.6736129784445057,-0.0571938344069296,0.0571938344069296
3463,2.6384284846276733,2.6228380891136753,0.01559039551399799,0.01559039551399799
577,2.267775047490386,2.2455195171145355,0.022255530375850707,0.022255530375850707
2965,2.554201875455962,2.559727786805049,-0.005525911349087309,0.005525911349087309
3711,2.754945374815132,2.751363231709305,0.0035821431058269404,0.0035821431058269404
1298,2.4922912942179183,2.519143452609495,-0.02685215839157662,0.02685215839157662
976,1.9327727640396668,1.9245316605824012,0.008241103457265586,0.008241103457265586
4504,2.7831234066483073,2.805429263811605,-0.022305857163297915,0.022305857163297915
3032,2.5491860933101522,2.538833838680442,0.010352254629710345,0.010352254629710345
229,3.3005556421935314,3.1809984183340556,0.11955722385947576,0.11955722385947576
3858,2.7312203321589776,2.7954198987079564,-0.06419956654897874,0.06419956654897874
2702,2.5671932535571993,2.5648740606532923,0.0023191929039070303,0.0023191929039070303
1097,3.020718182437899,3.0163769579120028,0.004341224525896248,0.004341224525896248
1417,2.4582277047431664,2.4228916267642444,0.03533607797892202,0.03533607797892202
2557,2.299261701483735,2.3067352285573537,-0.007473527073618591,0.007473527073618591
46,2.427802760200524,2.5047725233799096,-0.07696976317938553,0.07696976317938553
517,2.495131212942779,2.4293240338988267,0.0658071790439525,0.0658071790439525
2804,2.034909495909779,2.070065994900981,-0.03515649899120232,0.03515649899120232
1124,2.6716405685441997,2.666210954137664,0.0054296144065357765,0.0054296144065357765
514,2.5459457029948807,2.535455712231659,0.010489990763221435,0.010489990763221435
2281,2.8359559785793147,2.884557376259093,-0.04860139767977811,0.04860139767977811
2534,2.5153556091470004,2.456631369758789,0.05872423938821125,0.05872423938821125
3763,2.467848897030642,2.4192796891916992,0.048569207838942585,0.048569207838942585
4480,3.1600790686327866,3.260569564879762,-0.10049049624697526,0.10049049624697526
135,2.353001435902986,2.333779973727901,0.019221462175085247,0.019221462175085247
2321,2.6342326353720003,2.658871240643854,-0.02463860527185391,0.02463860527185391
2968,2.881814500431136,3.0004614815582173,-0.11864698112708139,0.11864698112708139
302,2.6823875438574354,2.600498047930697,0.08188949592673822,0.08188949592673822
1946,2.423451336420411,2.387207364141474,0.036243972278937164,0.036243972278937164
1753,2.706245035876838,2.6383390480454865,0.06790598783135149,0.06790598783135149
93,2.2577273259172848,2.2479582859942457,0.009769039923039013,0.009769039923039013
3716,2.958178100546553,2.969959598544446,-0.011781497997892743,0.011781497997892743
2183,2.838747315934588,2.7866256668854175,0.05212164904917049,0.05212164904917049
3338,2.3103119057453303,2.366537155186044,-0.05622524944071383,0.05622524944071383
4182,2.73641887623536,2.6892504746987105,0.04716840153664936,0.04716840153664936
896,2.6209460429039484,2.6540462794259487,-0.03310023652200034,0.03310023652200034
3837,2.715972429723605,2.7194509506826505,-0.00347852095904555,0.00347852095904555
4522,2.3922782211731253,2.3417872274707183,0.05049099370240695,0.05049099370240695
1135,2.4338976677647692,2.4275042578265498,0.006393409938219463,0.006393409938219463
2536,2.596202681325127,2.5761994443566087,0.020003236968518134,0.020003236968518134
2071,2.701208422658975,2.6856542688748704,0.015554153784104852,0.015554153784104852
829,2.6037049984769762,2.5801334129219935,0.023571585554982732,0.023571585554982732
3602,3.1969191993425237,3.155977114933826,0.04094208440869762,0.04094208440869762
866,2.9058835368836284,3.028279092529296,-0.12239555564566773,0.12239555564566773
708,1.739586037535316,1.6586030712654145,0.08098296626990154,0.08098296626990154
4043,2.432405411798714,2.449398883064643,-0.016993471265929205,0.016993471265929205
2289,2.9406252608744072,3.102770644217073,-0.16214538334266582,0.16214538334266582
3074,2.6248831849832506,2.6571605545514925,-0.0322773695682419,0.0322773695682419
1419,2.5191388604226392,2.563762228004968,-0.044623367582328655,0.044623367582328655
25,2.653607310044627,2.6030353641598056,0.05057194588482128,0.05057194588482128
3882,2.6306110179764755,2.6754016913581617,-0.0447906733816863,0.0447906733816863
781,2.396363005290076,2.3870913932450484,0.009271612045027577,0.009271612045027577
3216,2.570837589804013,2.590817309749681,-0.019979719945668162,0.019979719945668162
3500,2.4152680492760976,2.418347860141823,-0.0030798108657252854,0.0030798108657252854
104,2.559293819412076,2.533113047098736,0.026180772313339595,0.026180772313339595
1367,2.35188175129792,2.3741049858443284,-0.0222232345464084,0.0222232345464084
2970,1.4035265585580161,1.6925884827064663,-0.2890619241484502,0.2890619241484502
1592,2.4239535220789543,2.462323196470468,-0.03836967439151362,0.03836967439151362
247,2.448601533622547,2.44876001610634,-0.00015848248379279894,0.00015848248379279894
4449,2.9448956709175884,2.96044491506384,-0.015549244146251695,0.015549244146251695
3675,2.5215919412295325,2.483831379887113,0.037760561342419674,0.037760561342419674
3484,2.7715437614831857,2.7204596972295234,0.0510840642536623,0.0510840642536623
4351,2.731924457950806,2.6905366081446247,0.041387849806181265,0.041387849806181265
1813,2.909454076117518,2.9083560973968234,0.0010979787206943925,0.0010979787206943925
163,2.5703153900595517,2.6141000819347178,-0.04378469187516609,0.04378469187516609
3153,2.712161857924311,2.6780966763316436,0.03406518159266758,0.03406518159266758
2884,2.8229239349465582,2.776088967002314,0.046834967944244354,0.046834967944244354
4492,2.6713333493570013,2.664368528462559,0.00696482089444217,0.00696482089444217
3584,2.9813516655950734,2.974520172428105,0.006831493166968183,0.006831493166968183
2823,2.7714209953020537,2.810736986981711,-0.03931599167965727,0.03931599167965727
1147,2.443940967212464,2.483067245080568,-0.039126277868104076,0.039126277868104076
885,2.573765686437426,2.6654629245171573,-0.0916972380797314,0.0916972380797314
1843,2.712353636758782,2.649511301891394,0.06284233486738788,0.06284233486738788
1606,3.3783591829876682,3.2478558206285553,0.13050336235911297,0.13050336235911297
4267,2.409470869531631,2.3537179022610233,0.055752967270607634,0.055752967270607634
3767,2.678701256821112,2.706143422839198,-0.02744216601808569,0.02744216601808569
1917,2.3489366333633734,2.323764716652819,0.02517191671055441,0.02517191671055441
1543,2.5099755810541198,2.4970961704957193,0.012879410558400473,0.012879410558400473
312,2.4808138037461545,2.483578487356217,-0.002764683610062324,0.002764683610062324
1200,2.437896760274606,2.4630682497338996,-0.025171489459293817,0.025171489459293817
1209,2.345332737487948,2.367045923183284,-0.02171318569533609,0.02171318569533609
2351,2.6515578361343635,2.5965545716863496,0.055003264448013844,0.055003264448013844
3761,2.490235981062228,2.581609771004294,-0.09137378994206591,0.09137378994206591
1537,2.565388123888854,2.5663366721422936,-0.0009485482534397072,0.0009485482534397072
2754,2.7686076538222477,2.7458440631054395,0.022763590716808224,0.022763590716808224
424,2.728921848648723,2.73796821763977,-0.00904636899104716,0.00904636899104716
2228,2.446595581791346,2.451651749788318,-0.005056167996972061,0.005056167996972061
2953,2.2644445908158435,2.415738679526534,-0.1512940887106904,0.1512940887106904
3791,2.301620941740094,2.3189018888996276,-0.017280947159533433,0.017280947159533433
1202,2.8320572769494543,2.885413946396356,-0.05335666944690187,0.05335666944690187
1916,2.3881168406961977,2.3911104327118378,-0.0029935920156400897,0.0029935920156400897
404,2.803689418845309,2.7817621593339985,0.02192725951131047,0.02192725951131047
2650,2.634327067173076,2.603913811457636,0.030413255715439735,0.030413255715439735
1818,2.269091214793937,2.3116415302111877,-0.04255031541725085,0.04255031541725085
1297,2.371028231719143,2.4055242536244514,-0.03449602190530854,0.03449602190530854
2636,2.4265973060677997,2.4250570988572258,0.0015402072105739073,0.0015402072105739073
4298,2.7019321702447328,2.710831215830899,-0.008899045586166388,0.008899045586166388
1681,2.4792946913381253,2.4240936190985747,0.05520107223955062,0.05520107223955062
2815,2.689113956488043,2.7225517353120754,-0.03343777882403254,0.03343777882403254
4545,2.3519251749186205,2.399224358769102,-0.04729918385048126,0.04729918385048126
2540,2.6122065595370425,2.5932884285582394,0.018918130978803127,0.018918130978803127
475,2.343019526367571,2.4903191211483144,-0.14729959478074361,0.14729959478074361
2018,2.468475377292655,2.489049415848211,-0.02057403855555595,0.02057403855555595
4016,2.375631672670863,2.4073717214467965,-0.031740048775933616,0.031740048775933616
17,2.5309654340569656,2.583086056183692,-0.052120622126726524,0.052120622126726524
2299,2.4441982270607756,2.4050430802601612,0.03915514680061438,0.03915514680061438
3355,2.6177066084841005,2.504016551155288,0.11369005732881243,0.11369005732881243
1415,2.502340432550198,2.48862762571586,0.013712806834337954,0.013712806834337954
1973,2.540864493913084,2.4832430248117334,0.0576214691013508,0.0576214691013508
3807,2.316880815158063,2.3757323606977745,-0.05885154553971139,0.05885154553971139
3799,2.3427428484135913,2.3877288538707733,-0.04498600545718201,0.04498600545718201
2307,2.7371831383716083,2.6932698988121317,0.04391323955947657,0.04391323955947657
3449,2.479614000827953,2.4229540001873153,0.0566600006406377,0.0566600006406377
3110,2.1462844088343442,2.204396329063495,-0.058111920229150904,0.058111920229150904
2478,2.153758776535854,2.1577424182792533,-0.003983641743399158,0.003983641743399158
10,2.458679800872209,2.413049294438286,0.04563050643392286,0.04563050643392286
217,2.3877091924088636,2.4261597880933925,-0.03845059568452891,0.03845059568452891
3610,2.470751308857699,2.4891458952121126,-0.01839458635441371,0.01839458635441371
3220,3.17476895255906,3.1027928028253107,0.07197614973374922,0.07197614973374922
1021,2.470115359090103,2.4933239842665142,-0.023208625176411424,0.023208625176411424
3597,2.518288922616956,2.529009480496814,-0.010720557879858372,0.010720557879858372
3161,2.756390474800539,2.724819873026354,0.031570601774185025,0.031570601774185025
2319,2.759497596591368,2.681025188013184,0.07847240857818383,0.07847240857818383
1469,3.0935276402247442,3.1144295648119322,-0.02090192458718798,0.02090192458718798
1525,2.5723190929406825,2.5494441018792977,0.022874991061384797,0.022874991061384797
3230,2.391716535534839,2.3018254121480166,0.08989112338682226,0.08989112338682226
1546,2.587681966319584,2.604729299562568,-0.01704733324298413,0.01704733324298413
3293,2.9184069440417266,2.964029932180733,-0.04562298813900645,0.04562298813900645
3156,2.496764866802186,2.439622425343465,0.05714244145872094,0.05714244145872094
2446,2.3536798844448166,2.3699702306707158,-0.0162903462258992,0.0162903462258992
797,2.4285530622504905,2.401406637075354,0.027146425175136546,0.027146425175136546
3154,3.1023345217226703,3.1770063519316767,-0.07467183020900636,0.07467183020900636
3826,2.4740877173510407,2.6531038216781515,-0.1790161043271108,0.1790161043271108
1474,2.779945029150225,2.753884069094413,0.026060960055811933,0.026060960055811933
3173,2.5292330312768914,2.4869453174725353,0.04228771380435603,0.04228771380435603
2117,2.5946067917187885,2.5632631709493476,0.03134362076944086,0.03134362076944086
4309,2.516103115951538,2.4826075546600457,0.033495561291492226,0.033495561291492226
1501,1.7658829729481655,1.859796108559039,-0.09391313561087355,0.09391313561087355
2284,2.7476723869201662,2.7772975431596763,-0.02962515623951001,0.02962515623951001
1348,2.586793748690735,2.564493997810434,0.022299750880300895,0.022299750880300895
4341,2.8254896386815602,2.889825641904126,-0.06433600322256572,0.06433600322256572
4432,2.4215659454521834,2.3000777734399285,0.12148817201225492,0.12148817201225492
4539,3.021212850829246,3.085448091478965,-0.06423524064971886,0.06423524064971886
378,2.8901048315366666,2.8434398846806928,0.04666494685597389,0.04666494685597389
902,2.644389416063896,2.64503131301459,-0.0006418969506940542,0.0006418969506940542
4299,2.507876697505283,2.4783661639881367,0.029510533517146165,0.029510533517146165
2609,2.4683425348557595,2.2539682172896165,0.214374317566143,0.214374317566143
4414,2.9827680252545066,3.052863738436027,-0.0700957131815203,0.0700957131815203
3538,2.9811469078439545,2.873646448222323,0.10750045962163135,0.10750045962163135
55,2.123139500790397,2.0390107116168674,0.0841287891735294,0.0841287891735294
450,2.428166857630673,2.4309444431563976,-0.0027775855257243798,0.0027775855257243798
4345,2.8862268483155864,2.820450922986677,0.06577592532890941,0.06577592532890941
2578,2.5331887062689082,2.495323864901932,0.03786484136697643,0.03786484136697643
1049,2.638065176285828,2.620637162878503,0.017428013407324805,0.017428013407324805
118,2.730017027205259,2.7676520109092855,-0.037634983704026403,0.037634983704026403
3193,2.8712144667189365,2.803816691583255,0.06739777513568157,0.06739777513568157
2060,2.4969956379321716,2.477388389444936,0.01960724848723583,0.01960724848723583
3719,2.5382691846285614,2.4957904337320573,0.0424787508965041,0.0424787508965041
782,2.747702831749794,2.7467930586285427,0.0009097731212510674,0.0009097731212510674
3496,2.0980583216600124,2.1697405793968803,-0.07168225773686787,0.07168225773686787
2684,2.2525454142780728,2.24861773416394,0.003927680114132581,0.003927680114132581
141,2.8603496042514918,2.7645470784841923,0.09580252576729942,0.09580252576729942
2304,2.4702704963258757,2.4300798348456967,0.040190661480179024,0.040190661480179024
3232,3.050736957850528,2.988938507701712,0.06179845014881602,0.06179845014881602
1430,2.531989274854004,2.49654621715423,0.03544305769977374,0.03544305769977374
1107,2.5100325041353306,2.4224269713010864,0.08760553283424422,0.08760553283424422
4427,2.6000092270652795,2.5328333692712683,0.06717585779401114,0.06717585779401114
563,2.510459022624005,2.557422567366974,-0.046963544742969265,0.046963544742969265
3111,2.573780951415168,2.5659328101687793,0.007848141246388884,0.007848141246388884
1849,2.7560470840863727,2.767434331722273,-0.011387247635900266,0.011387247635900266
879,2.5345480422739715,2.4582164526908277,0.07633158958314379,0.07633158958314379
3907,2.481938636327103,2.544365718012461,-0.062427081685358043,0.062427081685358043
2700,2.608939881023339,2.622409754105164,-0.01346987308182479,0.01346987308182479
2616,2.116154986492884,1.9536868935708769,0.16246809292200726,0.16246809292200726
2415,2.3144311398136193,2.317493295147363,-0.0030621553337435437,0.0030621553337435437
3346,2.424104828306223,2.3892534192659776,0.03485140904024542,0.03485140904024542
1245,2.203704036146658,2.271659412981784,-0.06795537683512576,0.06795537683512576
103,2.6940926267755216,2.661972622214375,0.0321200045611465,0.0321200045611465
960,2.4373927300447353,2.4608325648216742,-0.023439834776938895,0.023439834776938895
754,2.3909291633839365,2.3943023501034895,-0.0033731867195530008,0.0033731867195530008
3108,3.362869329949728,3.170914057870819,0.19195527207890883,0.19195527207890883
4174,3.0100093083793946,3.058693014009679,-0.04868370563028446,0.04868370563028446
745,2.6322834117119034,2.6252631030589826,0.007020308652920804,0.007020308652920804
2773,2.6638192300856014,2.58300896275157,0.0808102673340314,0.0808102673340314
3604,2.3614554552078295,2.3351845613550215,0.026270893852808008,0.026270893852808008
1428,2.243958310900093,2.2226676624056765,0.02129064849441642,0.02129064849441642
1393,2.4971642010164743,2.4510254460857257,0.04613875493074859,0.04613875493074859
1294,1.912698180170799,2.124324818645689,-0.21162663847489016,0.21162663847489016
989,2.558466564072405,2.451782292547032,0.10668427152537285,0.10668427152537285
921,2.729360929307563,2.740655526913765,-0.011294597606201773,0.011294597606201773
3461,2.302638947746027,2.33045150642848,-0.027812558682453137,0.027812558682453137
2639,2.3130507914940157,2.293423727171435,0.01962706432258088,0.01962706432258088
1527,2.3994616644643774,2.4067219084020635,-0.007260243937686095,0.007260243937686095
1982,2.349406832458575,2.374236651364056,-0.02482981890548075,0.02482981890548075
4395,2.7256493082190167,2.699850111918795,0.02579919630022154,0.02579919630022154
3545,2.6587204319441358,2.6126540089931596,0.04606642295097618,0.04606642295097618
4035,2.7207251600311837,2.7835022868622654,-0.06277712683108172,0.06277712683108172
2519,2.4280210860491787,2.4446137960482237,-0.016592709999045052,0.016592709999045052
1564,2.600388462547523,2.602257210750952,-0.0018687482034289715,0.0018687482034289715
416,2.1539482465165025,2.202872714715951,-0.04892446819944851,0.04892446819944851
3088,2.6746432469198846,2.6171947759108014,0.057448471009083235,0.057448471009083235
4010,2.7238443841212985,2.72876641691388,-0.004922032792581632,0.004922032792581632
3528,2.4656829057790968,2.482356222668312,-0.01667331688921525,0.01667331688921525
3982,2.413800466920369,2.3997610035234143,0.014039463396954943,0.014039463396954943
4068,2.7901358532239064,2.790138289510684,-2.4362867776517305e-06,2.4362867776517305e-06
122,2.8759637175180957,2.9353286185012206,-0.05936490098312497,0.05936490098312497
2673,2.4951414392484486,2.4667567314617527,0.028384707786695884,0.028384707786695884
1877,2.36640995655081,2.358761641068244,0.007648315482565948,0.007648315482565948
458,2.744283149284399,2.689705580297018,0.054577568987380864,0.054577568987380864
3300,2.583360603759891,2.5885193543040286,-0.005158750544137725,0.005158750544137725
1382,2.560936275607356,2.5300394177107974,0.030896857896558494,0.030896857896558494
4305,2.2358382362459097,2.288316271768958,-0.052478035523048305,0.052478035523048305
2703,2.5017051993406287,2.4647054193890985,0.036999779951530254,0.036999779951530254
970,2.317240918916337,2.392874920641262,-0.07563400172492463,0.07563400172492463
2931,2.776317611921281,2.8375212569975137,-0.06120364507623277,0.06120364507623277
2208,2.4200229598099012,2.397227959773056,0.022795000036845092,0.022795000036845092
860,2.3264120669206485,2.2684902726742657,0.057921794246382774,0.057921794246382774
2315,3.077926955650828,3.0851769507644913,-0.00724999511366331,0.00724999511366331
2619,2.525362817207863,2.573615013606422,-0.04825219639855893,0.04825219639855893
2676,2.714493364468389,2.8092272951340402,-0.09473393066565139,0.09473393066565139
3177,2.350491024723972,2.395390933084712,-0.04489990836073998,0.04489990836073998
1065,2.709778841626523,2.8516051863795044,-0.14182634475298128,0.14182634475298128
2036,2.56709154568456,2.577949599640111,-0.01085805395555095,0.01085805395555095
863,2.5176120784841833,2.5028065887695,0.014805489714683429,0.014805489714683429
2234,2.578630578365912,2.5880659319765456,-0.009435353610633523,0.009435353610633523
4003,2.725179293793237,2.791362449048549,-0.06618315525531182,0.06618315525531182
1180,2.055542588179499,1.9474011779699791,0.10814141020951973,0.10814141020951973
2630,2.519752525099435,2.450503824313265,0.06924870078616996,0.06924870078616996
996,2.612542697682885,2.554389170859094,0.05815352682379116,0.05815352682379116
3120,2.8939463926319697,2.871973698900514,0.021972693731455717,0.021972693731455717
3806,2.6420519449472573,2.720226356101351,-0.07817441115409363,0.07817441115409363
519,2.616163660481537,2.5991451353398216,0.0170185251417152,0.0170185251417152
2365,2.1826177742710064,2.2245628142610037,-0.04194503998999721,0.04194503998999721
376,2.419389511581397,2.4379706733195485,-0.018581161738151497,0.018581161738151497
1682,2.1162075212589375,2.0684002106236647,0.04780731063527277,0.04780731063527277
3288,2.46890064524767,2.4749363805035838,-0.006035735255913721,0.006035735255913721
2450,2.0919495376018284,1.9142115251623644,0.17773801243946408,0.17773801243946408
1082,2.3083972411612512,2.2161420547100374,0.09225518645121378,0.09225518645121378
354,2.015134019279463,2.069316476498575,-0.05418245721911186,0.05418245721911186
692,2.524662896605602,2.478761707552703,0.04590118905289886,0.04590118905289886
1667,2.1874269306809317,2.173484645645566,0.013942285035365654,0.013942285035365654
3674,2.4286896770198876,2.400207809514425,0.028481867505462777,0.028481867505462777
345,2.6131774845233777,2.553927120051877,0.05925036447150056,0.05925036447150056
3739,2.479228502232433,2.6166833883150993,-0.13745488608266632,0.13745488608266632
520,2.8577204256391515,2.8391456216299127,0.018574804009238832,0.018574804009238832
3603,2.739454425094014,2.730883241276921,0.008571183817092987,0.008571183817092987
42,2.465805712931556,2.457293716844295,0.008511996087261053,0.008511996087261053
491,2.4741726029022093,2.450280784004026,0.02389181889818337,0.02389181889818337
2075,2.5911851896286504,2.574352168484714,0.016833021143936477,0.016833021143936477
3790,2.387908262598879,2.349461987063575,0.038446275535303887,0.038446275535303887
2878,2.1553028329430584,2.1202904125816797,0.03501242036137864,0.03501242036137864
1980,2.647372898902984,2.68471954292186,-0.03734664401887633,0.03734664401887633
4378,2.5770476860871545,2.5639610282392122,0.013086657847942273,0.013086657847942273
101,2.6063589516075463,2.616913316688461,-0.010554365080914785,0.010554365080914785
2780,2.4156660738715114,2.4645704282436802,-0.04890435437216878,0.04890435437216878
1372,2.594528838156191,2.649202928510768,-0.05467409035457704,0.05467409035457704
3746,2.7462549623104255,2.755127797059719,-0.008872834749293457,0.008872834749293457
1239,2.61087623062982,2.5618441484517445,0.04903208217807542,0.04903208217807542
3107,2.7473738131176733,2.7644419531311466,-0.017068140013473343,0.017068140013473343
3105,2.595958832766928,2.5735143401729075,0.02244449259402037,0.02244449259402037
462,2.556519535195072,2.544407635468168,0.012111899726904074,0.012111899726904074
4462,2.56990737442833,2.5025638603034994,0.06734351412483042,0.06734351412483042
4346,2.513444733860432,2.5073700911168415,0.006074642743590708,0.006074642743590708
3635,2.602337440156379,2.6271631118883936,-0.024825671732014776,0.024825671732014776
2276,2.5203077070666082,2.8632193853006633,-0.3429116782340551,0.3429116782340551
1425,2.5457828578597717,2.487238508791337,0.05854434906843453,0.05854434906843453
3324,2.5708088193326035,2.5929006085162403,-0.022091789183636745,0.022091789183636745
1789,1.99046854367854,1.9522273204485756,0.03824122322996448,0.03824122322996448
642,2.5159239558388986,2.5207242716797733,-0.004800315840874703,0.004800315840874703
3701,2.3221697483720645,2.4456385708703334,-0.12346882249826896,0.12346882249826896
1792,2.383325284566994,2.358307667524055,0.025017617042939033,0.025017617042939033
4094,2.4589672422898476,2.447778589040221,0.01118865324962659,0.01118865324962659
1717,2.527056714794554,2.507208827076521,0.019847887718033252,0.019847887718033252
1338,3.227100243993803,3.1161294116069036,0.11097083238689942,0.11097083238689942
4282,2.5201155494030214,2.668599185019794,-0.1484836356167727,0.1484836356167727
2672,2.3886165536429713,2.3533232557808543,0.03529329786211699,0.03529329786211699
3102,2.47368440393543,2.453059745141086,0.020624658794344164,0.020624658794344164
3444,1.9762183367116415,1.8994922733753137,0.07672606333632781,0.07672606333632781
551,1.7820646105472169,1.8140578908286147,-0.03199328028139781,0.03199328028139781
4089,2.9761662722310227,2.9810571162875763,-0.0048908440565536004,0.0048908440565536004
3043,1.790614575876221,1.810811298544541,-0.020196722668319955,0.020196722668319955
71,2.4744818934405686,2.422413710508057,0.052068182932511586,0.052068182932511586
3104,2.389823120316319,2.441885580258857,-0.05206245994253811,0.05206245994253811
1804,2.624012558370426,2.5611238119893818,0.06288874638104414,0.06288874638104414
2482,2.6418530802982425,2.603722213368789,0.03813086692945333,0.03813086692945333
4381,2.9613728706346536,2.8606400476525846,0.10073282298206898,0.10073282298206898
2992,2.907091169837973,2.8483719580770783,0.05871921176089456,0.05871921176089456
715,2.1663214513253517,2.2014695268005484,-0.035148075475196716,0.035148075475196716
593,2.555271509357767,2.549827084988054,0.00544442436971293,0.00544442436971293
959,1.9295995803076504,1.961548916976956,-0.03194933666930555,0.03194933666930555
4454,2.077569836145368,2.130954139580571,-0.05338430343520306,0.05338430343520306
2318,2.6368520836748517,2.6838907055753145,-0.04703862190046282,0.04703862190046282
1153,1.9276524942255269,1.8900972283030715,0.037555265922455394,0.037555265922455394
1604,2.337230245040258,2.3744218700939794,-0.037191625053721644,0.037191625053721644
4240,2.74537263121513,2.7285565719677796,0.016816059247350523,0.016816059247350523
2325,2.358479224612483,2.400884173157546,-0.04240494854506327,0.04240494854506327
3013,2.751202404174623,2.80254906852748,-0.051346664352857285,0.051346664352857285
2,2.5113409689529766,2.4234995671969957,0.08784140175598099,0.08784140175598099
1968,2.4303484907403403,2.410533690811159,0.019814799929181337,0.019814799929181337
3544,2.4633811359078033,2.4497092097257336,0.013671926182069694,0.013671926182069694
2543,2.241648819110058,2.2775441639323337,-0.03589534482227563,0.03589534482227563
615,2.421066343056604,2.410349519527489,0.010716823529115072,0.010716823529115072
3684,2.6066318452893897,2.658987874987115,-0.05235602969772524,0.05235602969772524
4456,2.613291490809513,2.5261381656714903,0.08715332513802254,0.08715332513802254
3258,2.2748785364148127,2.2397437981595,0.03513473825531266,0.03513473825531266
3638,1.9722252998805088,1.887790303452895,0.08443499642761387,0.08443499642761387
2686,2.7004846614874918,2.629025440108468,0.07145922137902394,0.07145922137902394
1624,3.03770398760647,3.0384895884832734,-0.0007856008768034606,0.0007856008768034606
178,2.472630164904338,2.449050060716569,0.023580104187769013,0.023580104187769013
3304,2.8722546040274404,2.912549733592815,-0.04029512956537484,0.04029512956537484
176,2.5357569652632472,2.591615336646344,-0.055858371383096905,0.055858371383096905
119,2.1146403820437176,2.1610435199583806,-0.046403137914662995,0.046403137914662995
1551,2.62421100004126,2.623029238043936,0.0011817619973242266,0.0011817619973242266
3988,1.599487219798912,1.6606474688351474,-0.06116024903623529,0.06116024903623529
898,2.527822014625349,2.516523512899211,0.011298501726138,0.011298501726138
3191,2.7424929830358242,2.7501333592385433,-0.007640376202719068,0.007640376202719068
420,2.4387412034200366,2.428651931861058,0.010089271558978652,0.010089271558978652
3567,2.5274248395067356,2.5277345624109766,-0.00030972290424102766,0.00030972290424102766
1865,2.584943540401324,2.5931222269822922,-0.008178686580968098,0.008178686580968098
1176,2.987487899885005,2.7951244645491875,0.19236343533581746,0.19236343533581746
3923,2.6426497599944354,2.6602688778456414,-0.017619117851205957,0.017619117851205957
1464,2.3213116792771067,2.3051336874696005,0.01617799180750623,0.01617799180750623
691,2.2347486914126518,2.2567674052589637,-0.022018713846311933,0.022018713846311933
555,2.27876127611418,2.2890940004935616,-0.010332724379381819,0.010332724379381819
1599,2.540549094049596,2.572860878646196,-0.03231178459660011,0.03231178459660011
893,2.7158301983913358,2.6836389557323117,0.032191242659024066,0.032191242659024066
4502,2.071976052289494,2.1153549880233196,-0.043378935733825674,0.043378935733825674
1641,2.6714586194693624,2.68038816163541,-0.0089295421660478,0.0089295421660478
2461,2.4411455516059015,2.4363725259643036,0.004773025641597872,0.004773025641597872
3943,2.436098245600964,2.460951751238246,-0.02485350563728206,0.02485350563728206
151,3.1496172097519493,2.951155161498504,0.19846204825344538,0.19846204825344538
2720,2.4593613835919794,2.400717427571585,0.058643956020394405,0.058643956020394405
4074,2.696151990251788,2.705151239060381,-0.008999248808593041,0.008999248808593041
2108,2.5711773060598357,2.59905310905828,-0.027875802998444055,0.027875802998444055
2695,2.58682407871736,2.5832605178433456,0.0035635608740145486,0.0035635608740145486
3829,2.8971396671358502,2.886413812681894,0.010725854453956352,0.010725854453956352
3127,2.482466087514643,2.378235729882359,0.10423035763228405,0.10423035763228405
3423,2.192558443407308,2.2246477440285135,-0.0320893006212053,0.0320893006212053
286,2.3938901452750136,2.425939335783632,-0.03204919050861843,0.03204919050861843
4303,2.5151316274052475,2.4605831541435905,0.054548473261657016,0.054548473261657016
1842,2.0116931592410756,2.1202135376572318,-0.10852037841615614,0.10852037841615614
3343,2.385069099181495,2.395741151935495,-0.01067205275399985,0.01067205275399985
1483,2.0810832647119737,2.0704194561103897,0.010663808601584002,0.010663808601584002
3349,2.40124246644921,2.357953742367657,0.04328872408155293,0.04328872408155293
2421,2.476263330807077,2.461085562058105,0.015177768748972031,0.015177768748972031
2837,2.5971477425964133,2.6218647609065564,-0.024717018310143057,0.024717018310143057
3816,2.5299798692480984,2.541525615116915,-0.011545745868816848,0.011545745868816848
2797,2.591321684852164,2.5816963736948177,0.009625311157346328,0.009625311157346328
3071,2.533834056418435,2.5137863121383313,0.020047744280103696,0.020047744280103696
2017,2.838072877501877,2.7839133162704903,0.054159561231386544,0.054159561231386544
1945,3.225480000906084,3.337885613616452,-0.11240561271036764,0.11240561271036764
3691,2.1921360876077896,2.198199128930679,-0.006063041322889262,0.006063041322889262
595,2.332903582774299,2.3037561372939694,0.029147445480329548,0.029147445480329548
3997,2.2329500825263007,2.1709594583259277,0.061990624200372935,0.061990624200372935
134,2.3709656091550335,2.3908583308047286,-0.019892721649695133,0.019892721649695133
1137,2.8500529989460466,2.8393248214106723,0.01072817753537425,0.01072817753537425
3797,2.587039494178932,2.604016570342401,-0.016977076163469107,0.016977076163469107
291,2.868404759317937,2.907106544009142,-0.038701784691205,0.038701784691205
2317,2.70544678820134,2.6448520284134203,0.06059475978791973,0.06059475978791973
2224,2.4460912469878315,2.4478785463527277,-0.0017872993648961888,0.0017872993648961888
4400,2.836502469755568,2.7805802590915785,0.05592221066398961,0.05592221066398961
266,2.9097820461639725,2.791263875376791,0.11851817078718163,0.11851817078718163
2882,2.5991604756731737,2.593492593763592,0.0056678819095816735,0.0056678819095816735
2206,2.6862056363547167,2.657955815557078,0.028249820797638492,0.028249820797638492
3494,2.7603329025312093,2.7353354985235967,0.024997404007612634,0.024997404007612634
94,2.428096783456143,2.5288095461852556,-0.10071276272911245,0.10071276272911245
3064,2.6775367766417517,2.6282962861503623,0.049240490491389455,0.049240490491389455
3915,2.305104478303918,1.9773681248554273,0.3277363534484905,0.3277363534484905
1009,2.4149894220012356,2.4521590887397395,-0.03716966673850397,0.03716966673850397
2912,2.7340433672499236,2.6835233234702356,0.050520043779687995,0.050520043779687995
3601,2.759685395864207,2.7476345103943562,0.01205088546985067,0.01205088546985067
805,2.669241155208988,2.6794780154222413,-0.01023686021325343,0.01023686021325343
1589,2.5217133679546877,2.5021586608978104,0.01955470705687734,0.01955470705687734
1019,2.4868960088817658,2.41357345145095,0.07332255743081584,0.07332255743081584
660,1.6731152290226876,1.6376251609366514,0.035490068086036164,0.035490068086036164
1643,2.456302543614224,2.4884839107374677,-0.03218136712324382,0.03218136712324382
2110,2.467623928625061,2.3703152361950086,0.09730869243005236,0.09730869243005236
3822,2.7152436370203743,2.7165573977668713,-0.001313760746497028,0.001313760746497028
4271,2.7021939299122666,2.701543262780439,0.000650667131827376,0.000650667131827376
3973,2.3273302112045924,2.3796495858924183,-0.05231937468782588,0.05231937468782588
3519,2.2349401653707446,2.0662853328103132,0.16865483256043134,0.16865483256043134
2694,2.607651490852835,2.6230593627699377,-0.015407871917102689,0.015407871917102689
3823,2.6293576685659548,2.5928564402229934,0.03650122834296132,0.03650122834296132
1138,2.4779263382650636,2.416009418314805,0.06191691995025872,0.06191691995025872
1668,2.236285194685935,2.336573203302709,-0.1002880086167739,0.1002880086167739
1646,2.6652287215657915,2.651638333232425,0.013590388333366565,0.013590388333366565
3432,2.526103351068788,2.5845853202922284,-0.05848196922344062,0.05848196922344062
731,2.6736878175048964,2.6352613334734865,0.03842648403140991,0.03842648403140991
2952,2.7515981144873365,2.741910633557635,0.009687480929701398,0.009687480929701398
3796,2.6028082968635298,2.621896799966018,-0.019088503102488108,0.019088503102488108
3282,2.4059143858373035,2.3723384699153733,0.03357591592193021,0.03357591592193021
1313,2.4327563429377603,2.428983721217911,0.0037726217198494894,0.0037726217198494894
1148,2.578028556760289,2.542171435940926,0.035857120819362986,0.035857120819362986
3360,2.677693967963794,2.6627881120686445,0.014905855895149589,0.014905855895149589
2221,2.5525951794480553,2.58553359882575,-0.03293841937769493,0.03293841937769493
706,3.373774785134413,3.2542241460648484,0.11955063906956465,0.11955063906956465
1173,3.3106969793222016,3.287885882792706,0.022811096529495423,0.022811096529495423
2410,2.4019081470206767,2.5952666781269778,-0.19335853110630108,0.19335853110630108
987,2.6893410320489735,2.7185588686207995,-0.029217836571826084,0.029217836571826084
3270,2.9273815062300006,2.9856829639388716,-0.05830145770887096,0.05830145770887096
2802,2.586649888447762,2.482163375651947,0.10448651279581522,0.10448651279581522
2843,2.8451559331892042,2.798361694844021,0.04679423834518337,0.04679423834518337
90,1.9642898621127287,1.9230365567123284,0.041253305400400286,0.041253305400400286
4171,2.5219192197772387,2.4815739993437727,0.040345220433466,0.040345220433466
3231,2.500993194387313,2.509554034971213,-0.008560840583899942,0.008560840583899942
1193,2.465776683626917,2.4518833318061755,0.013893351820741362,0.013893351820741362
858,2.833730619637035,2.7838720843202727,0.04985853531676243,0.04985853531676243
1140,2.5185911005689365,2.53634409714958,-0.017752996580643554,0.017752996580643554
2454,2.2232201687722593,2.2170489460655136,0.006171222706745638,0.006171222706745638
131,2.4783118859561086,2.442728029309722,0.035583856646386636,0.035583856646386636
4099,2.6929150117980982,2.7098295172921647,-0.01691450549406648,0.01691450549406648
3397,3.005950446142611,3.014323802297581,-0.008373356154969702,0.008373356154969702
4347,2.4762600007368416,2.498380959076884,-0.022120958340042574,0.022120958340042574
3613,2.2362792081607012,2.4016580476067464,-0.16537883944604514,0.16537883944604514
3308,2.259576251558012,2.4118356639053986,-0.15225941234738682,0.15225941234738682
810,2.6502735191357423,2.6138327301795177,0.0364407889562246,0.0364407889562246
4238,2.3813822822136177,2.3811302118392645,0.0002520703743531527,0.0002520703743531527
1765,2.0264944884211626,1.977039177527243,0.049455310893919746,0.049455310893919746
2226,2.651777872880029,2.9683242993879118,-0.31654642650788256,0.31654642650788256
2210,2.433844270611143,2.4498817123496033,-0.016037441738460334,0.016037441738460334
2009,2.669800365364697,2.668404330613204,0.0013960347514929694,0.0013960347514929694
2389,2.957328461605958,2.9298409861909307,0.027487475415027163,0.027487475415027163
569,2.5319990611167666,2.531623165667075,0.00037589544969174327,0.00037589544969174327
881,2.9177274355561256,2.851445370979987,0.06628206457613839,0.06628206457613839
2640,1.9035192190382186,1.9069122876982865,-0.003393068660067833,0.003393068660067833
19,2.591757316913427,2.610687011737544,-0.018929694824116883,0.018929694824116883
2714,2.545271776406431,2.5111479057635115,0.03412387064291966,0.03412387064291966
3629,2.560693237376353,2.5585997299086114,0.0020935074677415066,0.0020935074677415066
1855,2.437276293009171,2.4061009920304497,0.031175300978721232,0.031175300978721232
1227,2.1151114624635747,2.105863687570127,0.009247774893447858,0.009247774893447858
3158,1.9798696001486915,2.0238322365466357,-0.04396263639794418,0.04396263639794418
2229,2.4337369932306756,2.505805271476009,-0.07206827824533324,0.07206827824533324
2347,3.024692460025788,3.019843012574936,0.004849447450852029,0.004849447450852029
3559,2.3072065943110713,2.3236149540774327,-0.016408359766361347,0.016408359766361347
669,2.137819967280207,2.041592753135535,0.09622721414467206,0.09622721414467206
538,2.646171446825063,2.675743995212177,-0.029572548387113873,0.029572548387113873
1144,2.5582267618927004,2.8399293717576226,-0.28170260986492224,0.28170260986492224
655,2.6655362712803803,2.6177628622877376,0.04777340899264271,0.04777340899264271
905,2.3744723219914645,2.4474531190425988,-0.07298079705113425,0.07298079705113425
3730,2.643946901421491,2.675158007266749,-0.031211105845258214,0.031211105845258214
3504,2.4232853310755718,2.437314615316527,-0.014029284240955064,0.014029284240955064
756,2.2826294076199267,2.3221207043496017,-0.039491296729674996,0.039491296729674996
182,2.3399024758446036,2.7137902672610275,-0.3738877914164238,0.3738877914164238
3512,2.529391281989497,2.469085976524411,0.06030530546508617,0.06030530546508617
1686,2.4932290743576333,2.501288966779884,-0.00805989242225058,0.00805989242225058
3133,2.8058484643307944,2.7879965569357132,0.017851907395081135,0.017851907395081135
4431,2.558071662889483,2.576032424798876,-0.01796076190939333,0.01796076190939333
3897,2.4626075501300018,2.509677934494554,-0.04707038436455235,0.04707038436455235
422,2.7915106334921402,2.7252895122701184,0.06622112122202184,0.06622112122202184
4026,2.553165041112669,2.546743399167748,0.00642164194492123,0.00642164194492123
2453,2.463658287821646,2.4372581548244745,0.0264001329971717,0.0264001329971717
3527,3.1607470451490354,2.9418131740486513,0.2189338711003841,0.2189338711003841
4478,2.3532447462307964,2.6047976096064036,-0.2515528633756072,0.2515528633756072
3353,2.8326846791255464,2.711088521198012,0.12159615792753442,0.12159615792753442
3094,2.131944563535317,2.1714581239504436,-0.03951356041512666,0.03951356041512666
2130,2.9209066983342327,2.9186607913762797,0.0022459069579530144,0.0022459069579530144
1255,2.9959593824460393,3.0213017358095473,-0.025342353363507986,0.025342353363507986
38,2.544791052782162,2.5939535216494125,-0.049162468867250286,0.049162468867250286
3908,2.5553320128671007,2.4832125009666477,0.07211951190045296,0.07211951190045296
3116,2.7170040864143985,2.664510190903441,0.05249389551095751,0.05249389551095751
2741,2.557620390189257,2.639441607471017,-0.08182121728176028,0.08182121728176028
548,2.355907843359885,2.386725185179823,-0.030817341819938004,0.030817341819938004
2323,2.568539136758302,2.6203399585194016,-0.05180082176109968,0.05180082176109968
3936,2.6754109389265746,2.6897915666126924,-0.014380627686117808,0.014380627686117808
1989,3.019552937591866,3.1024998269203334,-0.0829468893284675,0.0829468893284675
1880,2.4978679500376515,2.6072173707094506,-0.10934942067179909,0.10934942067179909
3987,2.735080487658227,2.707818344938677,0.027262142719550297,0.027262142719550297
3174,2.737914443579625,2.709210570977049,0.02870387260257612,0.02870387260257612
69,2.5124913128717177,2.5026339376482487,0.009857375223468967,0.009857375223468967
502,2.4140928964221593,2.488804753552228,-0.07471185713006889,0.07471185713006889
1125,2.9203193868301707,2.8104773014351383,0.10984208539503237,0.10984208539503237
1910,2.7654682568561046,2.7248828792081183,0.04058537764798631,0.04058537764798631
3507,2.772948605190878,2.8090808200047657,-0.03613221481388784,0.03613221481388784
3570,2.5492611158209573,2.5482079162633777,0.0010531995575795428,0.0010531995575795428
2533,2.291309136985251,2.1796267046527595,0.11168243233249164,0.11168243233249164
3626,2.7071023070212186,2.6662879411112628,0.040814365909955796,0.040814365909955796
822,2.653052237833393,2.655965967589758,-0.0029137297563646136,0.0029137297563646136
2579,3.366188859459038,3.2722136520033773,0.09397520745566057,0.09397520745566057
4183,2.482775545922201,2.528370999167307,-0.045595453245105944,0.045595453245105944
4154,2.5352385954896284,2.5684044331811693,-0.03316583769154091,0.03316583769154091
2918,3.00172338871579,2.9689291332841665,0.0327942554316234,0.0327942554316234
2513,2.4359427258637605,2.4088540875764677,0.0270886382872928,0.0270886382872928
3364,2.3572266002074276,2.398929542958197,-0.041702942750769356,0.041702942750769356
1396,2.976552891251595,3.140121574102883,-0.16356868285128812,0.16356868285128812
2730,2.4288748283514257,2.466011804521577,-0.037136976170151215,0.037136976170151215
2659,2.5977459338713995,2.6280543569402792,-0.03030842306887971,0.03030842306887971
3676,2.5979803426012276,2.5608741362287946,0.037106206372433004,0.037106206372433004
2782,2.4596418173297723,2.463143215147458,-0.0035013978176858807,0.0035013978176858807
3505,2.7376681507519915,2.582284838171571,0.1553833125804207,0.1553833125804207
1384,2.261157519799296,2.1195303930433615,0.14162712675593436,0.14162712675593436
3045,3.4354207250152933,3.3866741538252936,0.0487465711899997,0.0487465711899997
1311,2.5855219046469204,2.5595708815642686,0.025951023082651847,0.025951023082651847
753,2.4392147464323015,2.3922086582074953,0.04700608822480623,0.04700608822480623
783,2.71151986761167,2.727592710152423,-0.01607284254075303,0.01607284254075303
3080,2.5439449847316156,2.5729384426993422,-0.028993457967726677,0.028993457967726677
3372,2.6995031285680264,2.6951212128830195,0.0043819156850068985,0.0043819156850068985
2128,2.5367309077256244,2.5541841151324736,-0.01745320740684919,0.01745320740684919
2381,2.357177721425467,2.4003047774473076,-0.04312705602184064,0.04312705602184064
2058,2.964965802777743,2.8972441189790015,0.06772168379874133,0.06772168379874133
3634,2.5144329895606967,2.606035244303935,-0.09160225474323846,0.09160225474323846
4486,2.509019996841707,2.4931363277926404,0.015883669049066462,0.015883669049066462
4145,2.5942537425138994,2.673887411034165,-0.07963366852026565,0.07963366852026565
426,2.3369498750874467,2.3834988181858163,-0.046548943098369655,0.046548943098369655
1368,2.622809563371041,2.6526251515163484,-0.02981558814530727,0.02981558814530727
882,2.4848966837199673,2.466689861868759,0.018206821851208144,0.018206821851208144
2492,2.2657235452527424,2.2129183628664673,0.052805182386275185,0.052805182386275185
862,2.7032784961649057,2.7432954801944516,-0.0400169840295459,0.0400169840295459
685,2.6114997356062326,2.6271764063442693,-0.01567667073803669,0.01567667073803669
1282,2.3195480206049868,2.3246220092656604,-0.005073988660673656,0.005073988660673656
1120,2.3445418980324932,2.4324042284390477,-0.08786233040655445,0.08786233040655445
3795,2.573962046815623,2.5468272547593016,0.02713479205632119,0.02713479205632119
3403,2.9230642275834646,2.958435332286868,-0.03537110470340332,0.03537110470340332
2646,1.833683896722084,1.9011509162680096,-0.06746701954592549,0.06746701954592549
1157,2.6734420972708173,2.776118756431684,-0.10267665916086655,0.10267665916086655
1897,2.4367430804887635,2.3821313619863487,0.05461171850241486,0.05461171850241486
4027,2.5435062507804855,2.545432726257367,-0.0019264754768815173,0.0019264754768815173
1463,2.2133915691316792,2.30267853562404,-0.08928696649236079,0.08928696649236079
1328,2.417681557231137,2.417259636392243,0.0004219208388942519,0.0004219208388942519
724,2.2565180226613064,2.2081069655501158,0.04841105711119065,0.04841105711119065
2243,2.644264766898197,2.661598411660911,-0.017333644762713707,0.017333644762713707
1126,2.676002040737488,2.6574031486490988,0.018598892088389274,0.018598892088389274
4375,2.630917916132222,2.59426107881953,0.03665683731269187,0.03665683731269187
187,2.506306489746669,2.5658531662610957,-0.0595466765144268,0.0595466765144268
2575,2.6403599831075,2.557895239586203,0.08246474352129685,0.08246474352129685
2008,2.7247644586995423,2.7120828946452202,0.012681564054322081,0.012681564054322081
656,2.476849576500311,2.521403330906638,-0.044553754406326807,0.044553754406326807
1447,2.335012295093704,2.2929203782089904,0.04209191688471359,0.04209191688471359
961,2.384183068255641,2.3657358094232905,0.01844725883235032,0.01844725883235032
1386,2.314815322696687,2.3062394036761775,0.00857591902050947,0.00857591902050947
4239,2.422735703724406,2.434533917072403,-0.0117982133479968,0.0117982133479968
2202,2.560142741788421,2.501195762994406,0.05894697879401489,0.05894697879401489
2709,2.560015799214738,2.5452586485104196,0.014757150704318267,0.014757150704318267
1357,2.648431903349774,2.6288337658306933,0.019598137519080794,0.019598137519080794
2115,2.6597858157824508,2.7462830876895645,-0.08649727190711376,0.08649727190711376
172,2.5749383853468486,2.571497811671906,0.0034405736749425486,0.0034405736749425486
3314,2.5814660389514263,2.5702472056866053,0.011218833264821093,0.011218833264821093
658,2.5580647881850678,2.6035350617343673,-0.045470273549299556,0.045470273549299556
1183,2.273269429516115,2.187568735540518,0.0857006939755971,0.0857006939755971
321,2.208935603263714,2.2702925640179585,-0.06135696075424457,0.06135696075424457
4270,2.231883597561581,2.2135442359571695,0.01833936160441141,0.01833936160441141
518,2.6453354272647607,2.726881722383414,-0.08154629511865341,0.08154629511865341
1822,3.0564551572956113,3.090132425315337,-0.03367726801972548,0.03367726801972548
2332,2.6758329887484913,2.6902312580330046,-0.014398269284513265,0.014398269284513265
457,2.5385638418517837,2.565989238006011,-0.027425396154227233,0.027425396154227233
2589,2.6431689716596503,2.6842624425145045,-0.041093470854854264,0.041093470854854264
3818,2.8254490984895817,2.824217774177463,0.0012313243121186979,0.0012313243121186979
1590,2.092933043779007,1.9640846057920214,0.12884843798698564,0.12884843798698564
3568,2.365179330044448,2.378929619064413,-0.013750289019964779,0.013750289019964779
1497,2.1990551773760756,2.2691493806819274,-0.07009420330585181,0.07009420330585181
4228,2.5724386005853948,2.5733640644507476,-0.0009254638653528602,0.0009254638653528602
1113,2.6858639603232524,2.9458520799479446,-0.25998811962469226,0.25998811962469226
2511,2.522803663137806,2.5002576356406867,0.022546027497119425,0.022546027497119425
1490,2.4361374039475665,2.4351126672733714,0.0010247366741951147,0.0010247366741951147
768,2.644890168808251,2.738356857529093,-0.09346668872084196,0.09346668872084196
1441,2.1222350049234944,2.27126359117816,-0.14902858625466564,0.14902858625466564
1987,2.732014230821959,2.6919987290501672,0.040015501771791584,0.040015501771791584
1719,2.2956615832480147,2.314385840942674,-0.01872425769465913,0.01872425769465913
1187,1.45796755161284,1.5052090396005382,-0.047241487987698116,0.047241487987698116
1356,1.9518110367165011,1.835788992880952,0.11602204383554904,0.11602204383554904
2830,2.562735030467709,2.576437123864097,-0.013702093396388282,0.013702093396388282
3859,2.5792002418006112,2.5465835205200933,0.03261672128051796,0.03261672128051796
4257,2.5157156216009007,2.5595855361294517,-0.043869914528551046,0.043869914528551046
3889,2.5954423390447583,2.616848636955579,-0.021406297910820715,0.021406297910820715
3712,2.3587996940994516,2.3527742874767026,0.006025406622748974,0.006025406622748974
3950,2.759319725289319,2.652506220870648,0.1068135044186711,0.1068135044186711
4163,2.3875548215756406,2.351047618946168,0.0365072026294726,0.0365072026294726
2895,2.2815250610204783,2.342085573357051,-0.06056051233657289,0.06056051233657289
4213,2.745961593359746,2.7239697388767747,0.021991854482971362,0.021991854482971362
369,2.663619146961003,2.6088648972843482,0.054754249676654876,0.054754249676654876
4469,2.693921956967412,2.682840074991699,0.011081881975712804,0.011081881975712804
1521,2.705193368047622,2.7930412371798075,-0.08784786913218534,0.08784786913218534
1170,2.706616045346601,2.680245617884086,0.026370427462515167,0.026370427462515167
3266,2.4930120467702492,2.4830058351258004,0.010006211644448815,0.010006211644448815
27,2.5315294452737094,2.5418983372531287,-0.01036889197941937,0.01036889197941937
4493,2.6004880369160226,2.6195349335344433,-0.01904689661842074,0.01904689661842074
3641,2.4621476242129345,2.4760544025032867,-0.01390677829035214,0.01390677829035214
2180,2.56427924139794,2.5658295007069607,-0.0015502593090208627,0.0015502593090208627
4363,1.8660827767976211,1.6689296807776566,0.19715309601996456,0.19715309601996456
3961,2.737710028991643,2.704508901308406,0.03320112768323735,0.03320112768323735
57,2.28650198684563,2.342819045982292,-0.056317059136662184,0.056317059136662184
1894,2.4070960896755333,2.447710376528138,-0.040614286852604486,0.040614286852604486
4316,2.4903939987584414,2.48527145034971,0.005122548408731387,0.005122548408731387
4467,2.2686996889733217,2.2785481474762572,-0.009848458502935475,0.009848458502935475
2978,2.7737276900550745,2.786376741422487,-0.012649051367412678,0.012649051367412678
2767,2.730983964915446,2.7569788159090742,-0.025994850993628305,0.025994850993628305
4474,2.1559598886851976,2.127361046218771,0.02859884246642652,0.02859884246642652
1925,2.5766434662204665,2.574287399102869,0.0023560671175975045,0.0023560671175975045
3509,2.696646695224342,2.9033200913688297,-0.20667339614448776,0.20667339614448776
4392,2.7063141693463852,2.7022344653820713,0.004079703964313897,0.004079703964313897
3438,2.518687637324189,2.513071139383575,0.005616497940613918,0.005616497940613918
3373,2.647359643726082,2.7021657145275233,-0.05480607080144129,0.05480607080144129
287,2.6933956104792616,2.6732432261723336,0.020152384306928006,0.020152384306928006
3019,2.7616453437674973,2.7533257690273616,0.008319574740135671,0.008319574740135671
1888,2.2977499516152395,2.3304125254308095,-0.03266257381556992,0.03266257381556992
2216,2.5607398022187766,2.552130290769275,0.008609511449501728,0.008609511449501728
2260,2.8451864014062513,2.859973553454139,-0.01478715204788772,0.01478715204788772
1532,2.69114200758907,2.6933747675876707,-0.0022327599986007307,0.0022327599986007307
3197,2.5882394397272956,2.6379403777504185,-0.04970093802312281,0.04970093802312281
3524,2.3941400057530204,2.4573345372595283,-0.06319453150650789,0.06319453150650789
1256,2.8543734742961595,2.8687043425223595,-0.0143308682262,0.0143308682262
744,2.480384417720399,2.4590369562269996,0.0213474614933995,0.0213474614933995
2388,2.443034950529563,2.447280937544575,-0.004245987015011998,0.004245987015011998
1514,3.0748273364280254,2.946879485619687,0.12794785080833826,0.12794785080833826
3530,2.563936970901167,2.5907387756081572,-0.02680180470699023,0.02680180470699023
2898,2.5355467364719404,2.497164005568693,0.03838273090324762,0.03838273090324762
4283,2.530965996939331,2.516712812584009,0.01425318435532219,0.01425318435532219
3881,2.4623646274680424,2.504575330056975,-0.04221070258893267,0.04221070258893267
3738,2.7543664748369507,2.7729779568036905,-0.018611481966739785,0.018611481966739785
2844,2.787123426450209,2.8120783526976725,-0.024954926247463316,0.024954926247463316
1713,2.7516121964300826,2.748150203630926,0.003461992799156377,0.003461992799156377
476,2.3856758057241625,2.3812260100993794,0.004449795624783093,0.004449795624783093
2000,1.9313231802316042,2.058713666823057,-0.12739048659145258,0.12739048659145258
1940,1.7870482355172683,1.6401154432335938,0.1469327922836745,0.1469327922836745
4389,2.6216885952307334,2.5872565675494332,0.03443202768130016,0.03443202768130016
1950,2.663234819365256,2.66258186217522,0.0006529571900362185,0.0006529571900362185
330,2.6741870056550483,2.65735824199596,0.016828763659088253,0.016828763659088253
3401,1.9884174392123974,1.8570659511016467,0.1313514881107507,0.1313514881107507
2328,2.5227848663070898,2.5230606320933955,-0.0002757657863057261,0.0002757657863057261
421,2.530671317849557,2.554766041299662,-0.024094723450104993,0.024094723450104993
504,1.9886224056824189,1.8966071181166957,0.09201528756572319,0.09201528756572319
78,2.490408561896863,2.491355951330509,-0.0009473894336458066,0.0009473894336458066
597,2.764158900609103,2.7480965524475853,0.016062348161517637,0.016062348161517637
226,2.6087704300437293,2.6037818356169637,0.00498859442676558,0.00498859442676558
2114,1.9563988368239125,2.0348751505930163,-0.0784763137691038,0.0784763137691038
2981,2.604043093203443,2.58067457479626,0.023368518407183014,0.023368518407183014
3646,2.312713356978685,2.3384448198646415,-0.025731462885956624,0.025731462885956624
966,2.50517233854555,2.4999133810823535,0.005258957463196712,0.005258957463196712
2596,2.5328476881288724,2.5011543556468028,0.031693332482069625,0.031693332482069625
3178,2.0329873662722076,1.9321903492216628,0.10079701705054478,0.10079701705054478
2386,2.5084324921847725,2.4951960261530055,0.01323646603176698,0.01323646603176698
106,2.030343705015546,2.0593683508758978,-0.029024645860351583,0.029024645860351583
4241,2.5950233287866897,2.493235572676417,0.10178775611027291,0.10178775611027291
1867,2.088074192981086,2.0658021482701012,0.022272044710984762,0.022272044710984762
492,2.4404232401868238,2.491764987979196,-0.05134174779237233,0.05134174779237233
680,2.5103369620532585,2.4819186815526053,0.028418280500653204,0.028418280500653204
3560,3.3300993022308654,3.0783420863041386,0.25175721592672673,0.25175721592672673
604,2.4422907045233955,2.4103933284929506,0.031897376030444846,0.031897376030444846
4311,2.898164389707375,2.8104561162624266,0.08770827344494858,0.08770827344494858
780,2.539182041745346,2.591410140090755,-0.05222809834540909,0.05222809834540909
2175,2.581453243879082,2.511164611468,0.07028863241108185,0.07028863241108185
3934,3.0795314832818996,3.1273433015173047,-0.047811818235405035,0.047811818235405035
3454,2.52077691423497,2.5181275644936334,0.0026493497413366818,0.0026493497413366818
356,2.9144945402543074,2.9354316590185,-0.020937118764192686,0.020937118764192686
3573,1.900090672270678,1.7344893578488505,0.16560131442182757,0.16560131442182757
3309,2.9244616303893056,2.8766433420020214,0.04781828838728419,0.04781828838728419
2976,2.4118604682298748,2.385034181833627,0.026826286396247845,0.026826286396247845
158,2.2176160590910934,2.2278885091795684,-0.010272450088474994,0.010272450088474994
3344,2.456407622907563,2.3951932871709842,0.06121433573657864,0.06121433573657864
2959,2.575418053283295,2.5727988176943106,0.00261923558898447,0.00261923558898447
553,1.6100078195894563,1.575951855787389,0.03405596380206721,0.03405596380206721
3272,2.6176100570803014,2.6215244387247587,-0.003914381644457343,0.003914381644457343
2666,2.4715936079798726,2.5362215007580944,-0.06462789277822178,0.06462789277822178
579,2.4863608531678585,2.4925457577054284,-0.006184904537569924,0.006184904537569924
4302,2.51956077822354,2.60179553725138,-0.08223475902783983,0.08223475902783983
4308,2.735722961497833,2.780058887008165,-0.044335925510332164,0.044335925510332164
1440,2.568309764011625,2.5190678617224123,0.04924190228921255,0.04924190228921255
1720,2.5808461354105803,2.6176216100202856,-0.036775474609705316,0.036775474609705316
334,2.6349868469371938,2.6174385382029457,0.017548308734248064,0.017548308734248064
2580,2.6309344582769087,2.645035546209688,-0.014101087932779421,0.014101087932779421
347,2.892646126018854,2.824539105405105,0.06810702061374885,0.06810702061374885
3989,2.7699411707983246,2.825954934438257,-0.05601376363993227,0.05601376363993227
763,2.3987905167442998,2.444994193981993,-0.04620367723769325,0.04620367723769325
2357,2.4733978787298723,2.4817741770331083,-0.008376298303236052,0.008376298303236052
2499,2.2269740790112302,2.2390134915800575,-0.012039412568827235,0.012039412568827235
2601,3.394770343429035,3.4175295383967117,-0.022759194967676866,0.022759194967676866
2913,2.4888857062452017,2.5093612936772494,-0.020475587432047693,0.020475587432047693
3878,2.771406304402317,2.7771331966214174,-0.005726892219100499,0.005726892219100499
2826,2.7022762905794666,2.711019197851192,-0.008742907271725553,0.008742907271725553
3624,1.9965866168484683,1.9968440753811414,-0.000257458532673116,0.000257458532673116
1041,2.1852839261042183,2.092642117871009,0.09264180823320922,0.09264180823320922
4076,2.678035249593748,2.5720165927975516,0.10601865679619626,0.10601865679619626
1902,2.8538453741360077,2.9226870037338157,-0.06884162959780804,0.06884162959780804
3756,2.54997332941665,2.600231911956684,-0.0502585825400339,0.0502585825400339
1222,2.5261900370282384,2.4623334183846097,0.06385661864362868,0.06385661864362868
952,2.156018842871278,2.2807636110100984,-0.1247447681388203,0.1247447681388203
4030,2.2713815836100535,2.3313129366599115,-0.05993135304985797,0.05993135304985797
3294,2.757286659489284,2.7634753471083897,-0.006188687619105515,0.006188687619105515
1116,2.192948389764084,2.250287464999541,-0.05733907523545678,0.05733907523545678
3068,2.2943476343638114,2.3029972005902324,-0.00864956622642099,0.00864956622642099
1687,2.8081574446218984,2.859323140795809,-0.051165696173910646,0.051165696173910646
2429,2.4240016598283627,2.34404714318004,0.07995451664832265,0.07995451664832265
2969,2.44257996019266,2.484909733809381,-0.04232977361672097,0.04232977361672097
2377,2.674097297034263,2.6429896395146577,0.031107657519605425,0.031107657519605425
2368,2.461093845474368,2.405523720112675,0.055570125361692924,0.055570125361692924
412,2.555601151459358,2.713370446776499,-0.157769295317141,0.157769295317141
3779,2.4553687252845537,2.4444335935060253,0.01093513177852845,0.01093513177852845
3677,2.422828183979389,2.47667915286748,-0.05385096888809082,0.05385096888809082
3358,2.2248479439584083,2.2203977052077315,0.004450238750676849,0.004450238750676849
1924,2.574859998778761,2.5446652735857715,0.03019472519298949,0.03019472519298949
1012,3.081169305103713,3.116042270435766,-0.034872965332052974,0.034872965332052974
446,2.1703939474542677,2.074756592059737,0.09563735539453067,0.09563735539453067
3056,2.324713045280526,2.3314844618234254,-0.006771416542899367,0.006771416542899367
326,2.586653215376506,2.5712771971294455,0.015376018247060586,0.015376018247060586
1405,2.8610820577059033,2.848930147295263,0.012151910410640454,0.012151910410640454
2125,3.1501625164538263,3.188996085990073,-0.038833569536246504,0.038833569536246504
2740,2.963742382497774,2.863869221632552,0.09987316086522213,0.09987316086522213
2713,2.3790827140953743,2.3864369023743386,-0.00735418827896428,0.00735418827896428
2277,2.2937775368152415,2.3378162875838835,-0.04403875076864194,0.04403875076864194
4544,2.803083413767398,2.790309856419641,0.01277355734775698,0.01277355734775698
311,2.8741907138836655,2.8593625015419213,0.014828212341744251,0.014828212341744251
603,2.682971953239268,2.6907320835565343,-0.0077601303172660785,0.0077601303172660785
515,2.4477446845115542,2.427882214621596,0.019862469889958323,0.019862469889958323
3442,2.749795501363141,2.81122562617086,-0.06143012480771892,0.06143012480771892
236,2.608205112121074,2.68208829551214,-0.07388318339106581,0.07388318339106581
2591,2.5851181659710796,2.6342961858102893,-0.049178019839209774,0.049178019839209774
1520,2.3792962105067703,2.3854085697362293,-0.0061123592294589635,0.0061123592294589635
156,2.418237717031727,2.36666407964795,0.05157363738377674,0.05157363738377674
1278,2.527452388586671,2.481812122294659,0.04564026629201212,0.04564026629201212
1519,2.3086607240682855,2.3465321367134155,-0.037871412645130054,0.037871412645130054
2658,2.6698466049531975,2.6441990541804383,0.025647550772759153,0.025647550772759153
1456,2.261535229630675,2.3542642742073085,-0.09272904457663333,0.09272904457663333
4034,2.664535572739301,2.684225378599525,-0.019689805860223952,0.019689805860223952
2808,2.588584714677534,2.544959598621516,0.043625116056018154,0.043625116056018154
3320,2.626699229138785,2.618671132383748,0.00802809675503724,0.00802809675503724
4293,2.9477344439595248,2.858921831026288,0.08881261293323695,0.08881261293323695
1069,2.411128635966562,2.3840242205635787,0.02710441540298314,0.02710441540298314
205,2.5990385406830585,2.5834083666112004,0.01563017407185807,0.01563017407185807
1110,3.0679444306374237,2.905099215189917,0.16284521544750685,0.16284521544750685
1043,2.1521030258677922,2.1847080165721624,-0.032604990704370174,0.032604990704370174
48,2.359192059390388,2.346982203765507,0.012209855624881083,0.012209855624881083
1023,2.69692201192468,2.652877134346887,0.04404487757779307,0.04404487757779307
3097,3.1420641801569764,3.0543437438815197,0.08772043627545667,0.08772043627545667
4109,3.1177257734808927,3.1361684317173926,-0.01844265823649982,0.01844265823649982
2037,3.1112371674683965,3.010745469272694,0.10049169819570247,0.10049169819570247
2883,2.9561216373903996,2.9494910947503397,0.006630542640059911,0.006630542640059911
2298,2.4853341259150077,2.50228982687657,-0.016955700961562403,0.016955700961562403
3793,2.39379490187948,2.3991796752575953,-0.00538477337811516,0.00538477337811516
2088,2.693144190436397,2.704709349324005,-0.011565158887608007,0.011565158887608007
2721,2.4208100474428718,2.403938167094456,0.01687188034841558,0.01687188034841558
3061,2.637293502866476,2.7094978728774888,-0.07220437001101265,0.07220437001101265
3081,2.903851303713403,2.8489357220810603,0.05491558163234256,0.05491558163234256
4397,2.7767963046976734,2.6889524124119055,0.08784389228576783,0.08784389228576783
1322,2.188607356484285,2.0915462853982345,0.09706107108605044,0.09706107108605044
59,2.5236914583724226,2.5548533756224407,-0.031161917250018156,0.031161917250018156
4336,2.2693045565405425,2.3995674597610406,-0.13026290322049805,0.13026290322049805
1149,2.406096770273235,2.3745166448692943,0.03158012540394095,0.03158012540394095
3249,2.5949748473995116,2.570816778440711,0.02415806895880035,0.02415806895880035
2871,3.2976111565022115,3.3366500828056043,-0.039038926303392785,0.039038926303392785
2507,2.6398494999951536,2.6578402825432805,-0.017990782548126916,0.017990782548126916
1283,2.6376090661305387,2.6829499670858916,-0.045340900955352925,0.045340900955352925
4516,2.779502672219823,2.7098435426228313,0.0696591295969915,0.0696591295969915
1858,2.461813268899497,2.489521095897272,-0.027707826997775076,0.027707826997775076
2738,2.1037333722763183,2.052046474043474,0.051686898232844225,0.051686898232844225
2462,2.073162862994562,2.160477580545087,-0.08731471755052489,0.08731471755052489
3370,2.8986491555976026,2.8675285204019674,0.031120635195635238,0.031120635195635238
1451,1.7402329887718055,1.6506411234129474,0.0895918653588581,0.0895918653588581
857,2.2181790643082713,2.2647411795986074,-0.04656211529033616,0.04656211529033616
981,2.8623375170165293,2.913985513017638,-0.0516479960011087,0.0516479960011087
3002,2.5879493079246223,2.5701314355410587,0.017817872383563582,0.017817872383563582
2220,2.400704436977377,2.4249501582752186,-0.024245721297841527,0.024245721297841527
4007,2.868003623482868,2.8492372213064487,0.018766402176419117,0.018766402176419117
1828,2.4388889696485396,2.420186964057249,0.01870200559129076,0.01870200559129076
608,2.0500062064526676,2.054933991705829,-0.00492778525316151,0.00492778525316151
2203,2.9498191182213986,2.893344953271028,0.05647416495037083,0.05647416495037083
3348,2.4197954933121784,2.367932541208394,0.051862952103784554,0.051862952103784554
1631,3.3718133998934783,3.2700836581329153,0.10172974176056293,0.10172974176056293
1899,2.4078974516794833,2.405027535551654,0.002869916127829164,0.002869916127829164
4421,2.7104497340667826,2.6966661445335998,0.013783589533182816,0.013783589533182816
3114,2.808159708405233,2.796005759586142,0.012153948819090932,0.012153948819090932
3212,2.80167312582506,2.7768582513146502,0.024814874510409535,0.024814874510409535
4387,2.522361313006281,2.4654605122505058,0.056900800755775194,0.056900800755775194
3039,2.579175054600752,2.5601871550446673,0.01898789955608482,0.01898789955608482
3868,2.7572175951768245,2.7770105496677915,-0.019792954490966963,0.019792954490966963
3202,2.717088527264116,2.73572643980537,-0.01863791254125413,0.01863791254125413
3367,2.584532978860426,2.6093813696363957,-0.024848390775969786,0.024848390775969786
4446,2.564948881015969,2.527151812377423,0.03779706863854582,0.03779706863854582
1846,2.354184123284053,2.3495363958732165,0.0046477274108363,0.0046477274108363
1309,2.509313147931008,2.5524189351418456,-0.043105787210837576,0.043105787210837576
2722,2.4479389060447403,2.5428025027296948,-0.09486359668495448,0.09486359668495448
4382,2.5763582969179044,2.5964217020683353,-0.020063405150430924,0.020063405150430924
4056,2.7885064012510896,2.776651453002937,0.011854948248152475,0.011854948248152475
1531,2.5250697839966043,2.5025010871947075,0.02256869680189677,0.02256869680189677
1471,2.656651800728943,2.6193341796897536,0.03731762103918923,0.03731762103918923
4317,1.9719767576659315,1.7546228029628452,0.21735395470308627,0.21735395470308627
2835,2.592427696316813,2.582177498563977,0.010250197752835977,0.010250197752835977
2463,2.3456487389942597,2.363847270255444,-0.018198531261184314,0.018198531261184314
990,3.030016504641064,2.8107775787161082,0.21923892592495564,0.21923892592495564
1712,2.821258899015387,2.797434577483388,0.02382432153199865,0.02382432153199865
4156,3.320989381390739,3.299598316869433,0.021391064521306014,0.021391064521306014
665,2.595280026848195,2.5494941963798357,0.04578583046835938,0.04578583046835938
2907,3.2389022556579357,3.0399259016582785,0.19897635399965719,0.19897635399965719
231,2.929500606422287,2.82940057351099,0.1001000329112971,0.1001000329112971
4022,2.7896580473774995,2.8175275310113066,-0.027869483633807146,0.027869483633807146
2728,2.370366866325845,2.3699715638378156,0.00039530248802943646,0.00039530248802943646
340,2.8113167172845506,2.761994212764331,0.04932250452021947,0.04932250452021947
1090,2.872925821083693,2.82756588843927,0.04535993264442295,0.04535993264442295
2141,2.592837258672354,2.5404593035986354,0.052377955073718674,0.052377955073718674
3679,2.3472824016028255,2.309503314323282,0.0377790872795436,0.0377790872795436
1,1.8938316493520455,1.9054615098213084,-0.011629860469262843,0.011629860469262843
3398,2.0675719962471675,2.04905039325933,0.01852160298783767,0.01852160298783767
1670,2.7761375970222013,2.8965464735339608,-0.12040887651175947,0.12040887651175947
1134,2.6317141702291416,2.6240003935523997,0.00771377667674189,0.00771377667674189
4537,2.7042993988834945,2.720957774518645,-0.016658375635150602,0.016658375635150602
3164,2.99113020578427,2.9569598033716615,0.0341704024126086,0.0341704024126086
2079,2.5710734701930074,2.578923368431291,-0.007849898238283526,0.007849898238283526
945,2.6616321085096164,2.7332726588368983,-0.0716405503272819,0.0716405503272819
4503,2.5791744356322517,2.545938150266725,0.03323628536552681,0.03323628536552681
2039,3.2972350985043257,3.069322328444743,0.22791277005958266,0.22791277005958266
2781,2.359180286820269,2.371274571762965,-0.012094284942695932,0.012094284942695932
4508,2.3727820899544247,2.4151705759156834,-0.04238848596125866,0.04238848596125866
315,2.5740802368393916,2.6007710601520113,-0.026690823312619738,0.026690823312619738
979,2.461902152190526,2.517139487820519,-0.05523733562999267,0.05523733562999267
3406,2.6409201710067407,2.6344536242738514,0.006466546732889267,0.006466546732889267
701,2.309583752461183,2.3437473131981745,-0.03416356073699145,0.03416356073699145
4128,2.663515470094493,2.6256450070067605,0.03787046308773245,0.03787046308773245
3218,2.7860825970011582,2.718870574312019,0.06721202268913906,0.06721202268913906
2914,2.286346434662974,2.098294085292188,0.18805234937078597,0.18805234937078597
3769,2.6802849124278283,2.7189027508894577,-0.03861783846162936,0.03861783846162936
2390,2.4336298832715415,2.3718475288168874,0.061782354454654076,0.061782354454654076
668,2.5048344693380797,2.464864481625282,0.039969987712797916,0.039969987712797916
3146,2.4664079154713656,2.490975275187315,-0.024567359715949255,0.024567359715949255
929,2.276643592248121,2.2942482973829885,-0.017604705134867338,0.017604705134867338
3188,2.9952947164332078,3.0396600862949072,-0.04436536986169948,0.04436536986169948
3506,2.7171133023742793,2.65853037998578,0.05858292238849927,0.05858292238849927
1111,2.6338481455001532,2.6479453579947587,-0.014097212494605493,0.014097212494605493
4185,2.521192254634063,2.4889464679208393,0.032245786713223534,0.032245786713223534
2756,2.7106502887478845,2.7023736729525965,0.008276615795288045,0.008276615795288045
975,2.484576564976158,2.486346429360171,-0.0017698643840131645,0.0017698643840131645
2874,2.454325364709266,2.4430282812416517,0.011297083467614488,0.011297083467614488
2195,2.599336653377097,2.55573205971343,0.04360459366366687,0.04360459366366687
1756,2.8576359136803893,2.7647471588355237,0.09288875484486558,0.09288875484486558
1169,2.7409909571701014,2.8136066008286718,-0.07261564365857032,0.07261564365857032
2602,2.5172303044635296,2.4948035584683703,0.02242674599515926,0.02242674599515926
4448,2.4626498830790995,2.5077518430334824,-0.04510195995438293,0.04510195995438293
640,2.4434083082003104,2.5239603543192697,-0.08055204611895928,0.08055204611895928
18,2.397481400396229,2.3443568620251978,0.05312453837103126,0.05312453837103126
2043,2.745152332558718,2.7493762419349217,-0.0042239093762037605,0.0042239093762037605
2249,2.401998817941681,2.3870251202760913,0.014973697665589647,0.014973697665589647
663,2.690462207752158,2.6957815420889744,-0.005319334336816528,0.005319334336816528
2486,2.6635563350411577,2.5986666060148513,0.06488972902630641,0.06488972902630641
2408,2.2745465943899124,2.269998690592826,0.004547903797086139,0.004547903797086139
766,2.8899681553342633,2.9487249518684795,-0.05875679653421617,0.05875679653421617
1211,2.2799017582014804,2.4461052893502173,-0.16620353114873687,0.16620353114873687
4284,2.0969967884573326,1.9833925970192945,0.11360419143803813,0.11360419143803813
4263,2.5420860222467385,2.545839399720386,-0.003753377473647568,0.003753377473647568
4230,2.868391476911488,2.876248294868026,-0.00785681795653792,0.00785681795653792
117,2.5504271823045452,2.513750485984133,0.03667669632041237,0.03667669632041237
3356,2.731020192501619,2.702335903861108,0.028684288640511202,0.028684288640511202
3253,2.4541447065661144,2.429102228352387,0.025042478213727293,0.025042478213727293
1055,2.845748211537287,2.8391670559421534,0.006581155595133836,0.006581155595133836
578,2.2005603096321753,2.171563752070634,0.02899655756154118,0.02899655756154118
2089,2.7617135717317045,2.708551676632288,0.0531618950994166,0.0531618950994166
2123,2.3499654542409156,2.317038267666821,0.03292718657409477,0.03292718657409477
1472,2.305327764617051,2.347042574113558,-0.041714809496506966,0.041714809496506966
2285,2.466045286174103,2.5422116553136203,-0.07616636913951735,0.07616636913951735
0,2.1485553231678036,2.2210317869702885,-0.07247646380248485,0.07247646380248485
3529,2.694134988943669,2.6604857850048957,0.033649203938773464,0.033649203938773464
1166,2.5314792478919665,2.502969974406408,0.02850927348555876,0.02850927348555876
4206,2.9603627202672973,2.714634322750441,0.2457283975168565,0.2457283975168565
1977,2.2796713478841233,2.11191061474002,0.1677607331441031,0.1677607331441031
2592,2.840196228277732,2.872229764441801,-0.0320335361640689,0.0320335361640689
4436,2.3727881284773944,2.3587544941757965,0.014033634301597875,0.014033634301597875
1972,2.5519559702305137,2.5370213706605163,0.014934599569997431,0.014934599569997431
1654,2.386387202676623,2.4121800475774458,-0.025792844900822676,0.025792844900822676
1502,2.3464170176433377,2.2708020420270474,0.07561497561629027,0.07561497561629027
1545,2.7758840360953587,2.7500312699300706,0.025852766165288088,0.025852766165288088
121,2.7660565028329103,2.768731767906026,-0.0026752650731158845,0.0026752650731158845
1114,2.575558970245996,2.589209322092174,-0.013650351846178133,0.013650351846178133
3091,2.3654275677380916,2.4130920891461285,-0.0476645214080369,0.0476645214080369
1928,2.5676753194342252,2.5541983831146005,0.013476936319624766,0.013476936319624766
804,2.8877141741139893,2.8805645714691734,0.0071496026448159,0.0071496026448159
512,3.161039760490492,3.248861655430406,-0.0878218949399141,0.0878218949399141
177,2.960514845509612,3.003346244698116,-0.04283139918850409,0.04283139918850409
3409,2.2628785915129725,2.2935659268393733,-0.030687335326400778,0.030687335326400778
2739,2.7086009207194377,2.8890248507057024,-0.18042392998626466,0.18042392998626466
834,2.510322932826075,2.5131568242031235,-0.002833891377048481,0.002833891377048481
3771,2.408460453390744,2.4150139334184098,-0.00655348002766587,0.00655348002766587
1882,2.721977578590365,2.742907058443168,-0.020929479852803023,0.020929479852803023
